"CensusID","DateID","SiteID","AreaID","TypeID","CounterID","DielID","TimeStart","TimeEnd","AreaCovered","CensusComments"
1,1,4,1,1,10,1,"1899-12-30 09:00:00",,,"1st checkout, ~2hrs after lowtide; Lepsiella, Melagraphia, mostly Cradians&ornata present, no Turbo. ~100-200 gulls loafing, red coloured pucky, 3 non-feeding Haustrum observed but not measured; measurments done by fingernail--> very aproximate!!!"
2,7,4,1,2,10,1,"1899-12-30 09:00:00",,,"1st systematic census, area covered mapped in databook, top of rocks down to just into tar/turf/algal zone, individuals marked with white vertical stripe, most Lepsiella ~1cm, none >2cm observed, no turbo, all individuals disturbed/ picked up to observe"
3,7,4,2,2,10,2,"1899-12-30 21:10:00",,,"~1/2 hr after low tide, many limpets with tentacles extended, Chiton pell. Out of cracks, All Haustrum marked with horizontal stripe"
4,7,4,3,2,10,2,"1899-12-30 21:10:00",,,
5,7,4,4,2,10,2,"1899-12-30 21:10:00",,,
6,7,4,5,2,10,2,"1899-12-30 21:10:00",,,
7,7,4,6,2,10,2,"1899-12-30 21:10:00",,,
8,2,4,2,2,10,1,"1899-12-30 08:15:00",,,"Individuals marked, 3rd timers marked with a 2nd vertical stripe"
9,2,4,3,2,10,1,"1899-12-30 08:15:00",,,
10,2,4,4,2,10,1,"1899-12-30 08:15:00",,,
11,2,4,5,2,10,1,"1899-12-30 08:15:00",,,
12,2,4,6,2,10,1,"1899-12-30 08:15:00",,,
13,8,10,1,2,10,1,"1899-12-30 09:00:00",,,"Census done for southern 3rd of point and the northern side of the channel on southern side of point. Present: Lepsiella, Turbo, Melagraphia, C. denticulata, C. ornata, Zeacumantus. Patchily small Chaemosipho. Horm in low lying cracks & pools, bare above"
14,8,8,2,2,10,1,"1899-12-30 10:00:00",,,"Area 1: End of wall to gravel ""channel"", Present: Turbo, Melagraphia, C. dentic, C. ornata, Chaemo on tops of rocks, v. patchy, Lepsiella scarce"
15,8,8,3,2,10,1,"1899-12-30 11:00:00",,,"Area south of gravelled area adjacent to and including large outcrop. Chaemosipho still patchy. Lepsiella more abundant than in Area 1."
17,8,9,1,1,10,1,"1899-12-30 12:30:00",,,
18,9,11,2,2,10,1,"1899-12-30 09:45:00",,,"Present: in pools and cracks: High Zeacumantus, Melagraphia, Siphonaria, dentics, ornata, few turbo, no Lepsiella"
19,9,11,4,2,10,1,"1899-12-30 11:00:00",,,"Above Durvillea/ coralline paint surveyed. Main part of thick Chaemo area on main rock not surveyed for Lepsiella obs. Present: Littorines, C.pellis, C. denticulata, C. ornata, Pateriealla (non-Siph, but siph-like limpets). No to few cracks available."
20,9,11,3,1,10,1,"1899-12-30 12:30:00",,,"walk along the midshore, only large individs would have been seen"
21,9,14,1,1,10,1,"1899-12-30 13:00:00",,,"4 grey herons w/ white heads"
22,10,17,1,1,10,1,"1899-12-30 11:15:00",,,
23,10,17,2,2,10,1,"1899-12-30 11:30:00",,,"Area 1: Lowest cracks starting at wall north 30m 'til ""bend""; total area aprox 30x3m"
24,10,17,3,2,10,1,"1899-12-30 11:30:00",,,"Low cracks, from bend to channel, 21X3m area"
25,10,17,4,2,10,1,"1899-12-30 12:40:00",,,"Crack system above Area 2 crack, 23x3m"
26,10,17,5,2,10,1,"1899-12-30 12:55:00",,,"Extension of crack Area 3 , start of tide pool down to waterâ€¦becoming patches of mussels at end"
27,10,16,1,1,10,1,"1899-12-30 13:15:00",,,
28,10,18,1,1,10,1,"1899-12-30 14:30:00",,,"Visited just before mid-high tide."
29,11,19,2,2,10,1,"1899-12-30 11:00:00",,,
30,11,19,1,1,10,1,"1899-12-30 12:15:00",,,
31,11,19,3,2,10,1,"1899-12-30 12:40:00",,,
32,11,11,3,1,10,1,"1899-12-30 14:30:00",,,"On outer shore"
33,12,11,1,1,10,1,"1899-12-30 11:00:00",,,"falling tide"
34,12,20,1,2,10,1,"1899-12-30 14:20:00",,,"Rising tide. Present: Diloma, ornata, flava, radians, dentic, siphonaria, Pateriella, Ch. Pelliserpentis, Nodolittorines, Chaemo, Epopella, Calantica, melagraphia, UNID white limpets. No Haustrum in 1hr of searching. Lepsiella clearly mussel feeding."
35,13,21,1,1,10,1,"1899-12-30 12:40:00",,,"midshore"
36,13,21,2,2,10,1,"1899-12-30 12:50:00",,,
37,13,21,3,2,10,1,"1899-12-30 13:30:00",,,
38,13,21,4,2,10,1,"1899-12-30 14:45:00",,,
39,13,21,5,1,10,1,"1899-12-30 15:40:00",,,
40,13,21,1,2,10,1,"1899-12-30 16:00:00",,,"highshore"
41,13,21,1,1,10,1,"1899-12-30 16:20:00",,,"highshore"
42,14,22,3,2,10,1,"1899-12-30 15:50:00",,,"Overcast day"
43,14,22,4,2,10,1,"1899-12-30 16:10:00",,,
44,15,19,2,1,10,1,"1899-12-30 08:00:00",,,
45,15,19,3,2,10,1,"1899-12-30 08:15:00",,,"Only outer edge graywacke subsection of Area 2, where individuals were released, was surveyed."
46,15,19,1,2,10,1,"1899-12-30 08:45:00",,,"Highshore-all lepsiella seen measured, though only 5 min or so long"
47,15,11,1,1,10,1,"1899-12-30 09:00:00",,,"highshore"
48,16,19,1,1,10,1,"1899-12-30 13:45:00",,,
49,16,19,1,1,10,1,"1899-12-30 14:05:00",,,
50,16,19,1,1,10,1,"1899-12-30 14:30:00",,,"In or on edge of Horm flat between areas 1 and 2"
51,17,19,1,1,10,1,"1899-12-30 14:45:00",,,
52,18,19,1,1,10,1,"1899-12-30 15:30:00",,,"During scraping of lepsiella copper enclosures"
53,19,23,2,2,10,1,"1899-12-30 14:25:00",,,"Vertically tilted smoothly polished crevices of light grey mudstone."
54,19,23,3,2,10,1,"1899-12-30 14:55:00",,,
55,20,24,2,2,10,1,"1899-12-30 11:30:00",,,"Survey done at base of old wharf on outer side"
56,20,24,1,1,10,1,"1899-12-30 13:30:00",,,"Mostly at last 1/3 of end of wharf, but incoming tide prevented systematic survey.  Some observations from base of wharf as well"
57,21,25,1,1,10,1,"1899-12-30 08:30:00",,,
58,21,25,2,2,10,1,"1899-12-30 08:30:00",,,
59,21,25,1,1,10,1,"1899-12-30 09:30:00",,,"Looking for largest Lepsiella"
60,21,25,1,1,10,1,"1899-12-30 09:40:00",,,
61,21,25,3,2,10,1,"1899-12-30 09:45:00",,,"No Lepsiella or Cominella surveyed"
62,22,26,1,1,10,1,"1899-12-30 11:00:00",,,"tide and waves too high for real census - only top 1m of barnacle zone accessible, no Haustrum seen"
63,23,27,1,1,10,1,"1899-12-30 10:30:00",,,"Leps not survyed, some measured"
66,23,27,2,2,10,1,"1899-12-30 10:40:00","1899-12-30 11:40:00",550,
67,23,27,1,1,10,1,"1899-12-30 11:00:00",,,
68,23,27,1,1,10,1,"1899-12-30 11:45:00",,,
69,23,27,3,1,10,1,"1899-12-30 11:45:00","1899-12-30 11:55:00",,"survey ended prematurely due to high wave action"
70,23,27,1,1,10,1,"1899-12-30 11:55:00",,,
71,23,28,1,1,10,1,"1899-12-30 13:15:00",,,"tide and waves too high for systematic survey"
72,24,26,1,2,10,1,"1899-12-30 10:00:00","1899-12-30 10:45:00",125,"revisit at lower tide"
73,24,26,1,1,10,1,"1899-12-30 11:00:00",,,
74,24,29,1,1,10,1,"1899-12-30 12:15:00",,,"looked for largest Thais only"
75,25,31,1,1,10,1,"1899-12-30 11:00:00",,,"walking south along shore to find Paine's sites"
76,25,30,1,2,10,1,"1899-12-30 11:45:00","1899-12-30 12:45:00",210,
77,25,30,1,1,10,1,"1899-12-30 12:45:00",,,
78,25,31,1,1,10,1,"1899-12-30 13:45:00",,,"walk back to lab"
79,25,31,1,1,10,1,"1899-12-30 14:15:00",,,"walk back to lab"
80,26,32,2,2,10,1,"1899-12-30 11:00:00","1899-12-30 12:10:00",175,"first area east side of the cave"
81,26,32,2,1,10,1,"1899-12-30 12:15:00",,,
82,26,32,3,2,10,1,"1899-12-30 12:20:00","1899-12-30 13:20:00",105,
83,26,33,4,2,10,1,"1899-12-30 14:05:00","1899-12-30 15:05:00",140,
84,26,33,5,2,10,1,"1899-12-30 15:05:00","1899-12-30 15:27:00",21,
85,26,32,6,2,10,2,"1899-12-30 23:30:00","1899-12-30 00:30:00",177,"Bob's Area 3"
86,26,32,7,2,10,2,"1899-12-30 00:36:00","1899-12-30 01:05:00",114,
87,27,32,8,2,10,1,"1899-12-30 11:50:00","1899-12-30 12:30:00",135,
88,27,32,1,2,10,1,"1899-12-30 12:35:00","1899-12-30 13:35:00",185,
89,27,34,2,2,10,1,"1899-12-30 14:55:00","1899-12-30 15:10:00",45,"Area 1 is midshore, centering along vertical side of ""step"" with crack at base - poorly done - incoming tide - water overlapping already"
90,27,34,2,1,10,1,"1899-12-30 14:55:00",,,"a few Taron seen during census - not all counted as too abundant"
91,27,34,3,2,10,1,"1899-12-30 15:15:00","1899-12-30 15:20:00",2,"Between mid and high shore, centering on 4 meter length vertical side of ""step"" with crack at bottom"
92,27,34,4,2,10,1,"1899-12-30 15:22:00","1899-12-30 15:40:00",60,"Single ""island"" barnacle/oyster covered outcrop on highshore"
93,28,31,1,1,10,1,"1899-12-30 12:15:00",,,"walk to Paine's Boulder Area"
95,28,33,12,2,10,1,"1899-12-30 12:50:00","1899-12-30 13:50:00",126,"1st bay west of the climb"
96,28,31,1,1,10,1,"1899-12-30 14:00:00",,,"walk back to waterfall rocks"
97,28,32,10,2,10,1,"1899-12-30 14:10:00","1899-12-30 15:10:00",180,"Bob's Area 2 - Thais only measured until 14:56, counted thereafter (adding 48 more Thais to the total)"
98,28,32,1,1,10,1,"1899-12-30 15:00:00",,,
99,28,34,3,2,10,1,"1899-12-30 15:45:00","1899-12-30 16:05:00",8,"along side of 22m long shelf/crack between mid and outer zones, lots of Taron around but not counted, lots of Lepsiella in packs and dispersed"
100,28,34,4,2,10,1,"1899-12-30 16:05:00","1899-12-30 16:35:00",575,"All outcrops sampled except the one done yesterday, almost all Epopella and oysters around, very few Chaemosipho"
101,28,32,2,2,10,2,"1899-12-30 00:50:00","1899-12-30 01:50:00",175,"Night of June 5th, but done after midnight -- therefore actually June 6th.  Clear sky, stars out, light swell - calm"
102,28,32,3,2,10,2,"1899-12-30 01:50:00","1899-12-30 02:50:00",70,"done after midnight during the night of june 5th, but actually morning of June 6; hardly any crabs seen (!?!)"
103,28,32,11,2,10,2,"1899-12-30 03:00:00","1899-12-30 04:00:00",132,"done after midnight - morning of June 6th"
104,28,32,13,2,10,2,"1899-12-30 04:07:00","1899-12-30 05:07:00",210,"done after midnight the night of the 5th, but actually morning of the 6th; tide coming in towards the end, but dead calm"
105,29,32,6,2,10,1,"1899-12-30 13:35:00","1899-12-30 14:30:00",177,
106,29,32,7,2,10,1,"1899-12-30 14:35:00","1899-12-30 15:00:00",114,
107,29,32,8,2,10,2,"1899-12-30 02:30:00","1899-12-30 03:12:00",135,"done night of June 6th, but actually morning of 7th"
108,29,32,9,2,10,2,"1899-12-30 03:15:00","1899-12-30 04:10:00",185,"done night of June 6th, but actually morning of June 7th"
109,30,32,11,2,10,1,"1899-12-30 14:38:00","1899-12-30 15:45:00",132,"done a day too early!!!!!!"
110,30,32,13,2,10,1,"1899-12-30 15:50:00","1899-12-30 16:45:00",210,"Taron not counted, saw stranded Stichaster"
111,31,35,2,2,10,2,"1899-12-30 16:20:00","1899-12-30 16:50:00",645,"from small cove to major cut"
112,31,35,3,2,10,2,"1899-12-30 16:54:00","1899-12-30 17:14:00",320,"from cut back to Red beach but not all the way to sand - to end of main horizontal platform"
113,31,36,4,2,10,2,"1899-12-30 17:30:00","1899-12-30 18:00:00",68,"western vertical side of channel between platforms - Part of Bob's area. Stopped doing Cominella after first 4 - very abundant"
114,31,36,5,2,10,2,"1899-12-30 18:00:00","1899-12-30 18:30:00",105,"along vertical side ""steps"" of western side of platform, saw breeding aggregation with eggs."
115,32,37,1,1,10,1,"1899-12-30 17:00:00",,,
116,32,37,2,2,10,2,"1899-12-30 17:05:00","1899-12-30 18:07:00",240,"Cominella counted only in this, the first area."
117,32,37,2,1,10,2,"1899-12-30 17:10:00",,,"largest Leps measured"
118,32,37,3,2,10,2,"1899-12-30 18:08:00","1899-12-30 19:08:00",300,
119,32,37,4,2,10,2,"1899-12-30 19:10:00","1899-12-30 20:15:00",300,
120,32,37,1,1,10,2,"1899-12-30 19:00:00",,,
121,32,37,1,1,10,2,"1899-12-30 20:20:00",,,
122,32,37,5,2,10,2,"1899-12-30 20:32:00","1899-12-30 21:30:00",255,
123,33,38,1,1,10,1,"1899-12-30 15:00:00",,,
124,32,37,5,1,10,2,"1899-12-30 20:45:00",,,
125,34,39,1,1,10,1,"1899-12-30 07:30:00",,,"Though sure in the field, not 100% satisfied with ability to distinguish new (< aprox. 9mm) Lepsiella & Haustrum.  Other than morphology, their location on low shore boulder sides & lack of larger Lepsiella on these boulders suggests correct ID however."
126,34,39,2,2,10,1,"1899-12-30 07:45:00","1899-12-30 08:25:00",13,"estimated start time, all these ""replicate areas"" are separate boulders/mounds"
127,34,39,3,2,10,1,"1899-12-30 08:25:00","1899-12-30 08:50:00",5,"boulder close by to first - still on the low shore"
128,34,39,4,2,10,1,"1899-12-30 08:52:00","1899-12-30 09:10:00",6,"another chaemo dominated boulder"
129,34,39,1,1,10,1,"1899-12-30 09:10:00",,,
130,34,39,5,2,10,1,"1899-12-30 09:14:00","1899-12-30 09:30:00",10,"midshore mound surrounded by horm"
131,34,39,1,1,10,1,"1899-12-30 09:35:00",,,
132,34,39,6,2,10,1,"1899-12-30 09:37:00","1899-12-30 09:48:00",8,"mound in coralline zone. Chaemo with leps on top"
133,34,39,1,1,10,1,"1899-12-30 10:00:00",,,
134,35,40,2,2,10,1,"1899-12-30 07:38:00","1899-12-30 08:38:00",50,"vertical side of northern side of channel leading to cave"
135,35,40,4,2,10,1,"1899-12-30 08:47:00","1899-12-30 09:02:00",120,"most exposed end, from pools to end of accessible terrain"
136,35,40,3,2,10,1,"1899-12-30 09:02:00","1899-12-30 10:03:00",132,"from (and incl) pools to back side of channel ridge and its small pools (ridge top not examined)"
137,35,41,1,2,10,2,"1899-12-30 20:00:00","1899-12-30 21:00:00",,
138,36,41,1,1,10,1,"1899-12-30 07:30:00",,,
139,36,41,1,1,10,1,"1899-12-30 11:45:00",,,
140,37,42,2,2,10,1,"1899-12-30 08:50:00","1899-12-30 09:50:00",525,"On Boulders"
141,37,42,2,2,10,1,"1899-12-30 08:50:00","1899-12-30 09:50:00",525,
142,37,42,1,1,10,1,"1899-12-30 09:50:00",,,
143,37,42,3,2,10,1,"1899-12-30 10:01:00","1899-12-30 11:02:00",420,
144,37,42,4,2,10,1,"1899-12-30 11:22:00","1899-12-30 11:52:00",750,"highshore and boulders between the first two areas"
145,38,43,1,1,10,1,"1899-12-30 10:00:00",,,"no Haustrum or Thais seen, Mytilus cover mid and low shore"
146,38,44,1,1,10,1,"1899-12-30 11:00:00",,,
147,38,45,1,1,10,1,"1899-12-30 11:54:00","1899-12-30 12:40:00",,"more than just ""looking around"" but not systematic census"
148,38,45,1,1,10,1,"1899-12-30 12:45:00",,,
149,39,46,1,1,10,1,"1899-12-30 10:30:00","1899-12-30 12:15:00",,"walked all around ""island"", but tide too poor for real survey. Haustrum seemed to be more abundant on eastern side. End time guessed at"
150,40,45,1,1,10,1,"1899-12-30 12:00:00",,,"tide too poor to do anything"
151,40,47,1,1,10,1,"1899-12-30 12:15:00",,,
152,40,48,1,1,10,1,"1899-12-30 12:45:00",,,
153,40,49,1,1,10,1,"1899-12-30 15:40:00",,,
154,40,50,1,1,10,1,"1899-12-30 16:55:00",,,
155,41,51,1,1,10,1,"1899-12-30 12:00:00",,,
156,41,44,1,1,10,1,"1899-12-30 12:40:00",,,
157,41,52,1,1,10,1,"1899-12-30 14:30:00",,,"2 hrs before a shitty low tide and with strong wind and waves. Probably a pretty good # of H inaccessible"
158,41,53,1,1,10,1,"1899-12-30 16:10:00",,,
159,42,45,2,2,10,1,"1899-12-30 13:32:00","1899-12-30 14:27:00",680,"""isolated"" rocks right in front of lab beach between two larger channel-trenches, breeding aggregation still present.  Paint 1/2 exposed between the waves, but not optimal for survey"
160,42,45,1,1,10,1,"1899-12-30 14:28:00",,,"water to top of paint so full census not possible anymore"
161,43,19,3,2,10,1,"1899-12-30 14:40:00","1899-12-30 15:25:00",90,"tide and waves pretty poor, not real ""systematic"" survey but more than just anecdotal, just outcrop ridge surveyed, not whole of ""Area 2"""
162,43,11,1,1,10,1,"1899-12-30 15:45:00",,,"Highshore"
163,44,54,1,1,10,1,"1899-12-30 16:00:00",,,"lots of small (<30) Haustrum and C. mac shells found in high shore crack"
164,44,55,1,1,10,1,"1899-12-30 15:00:00",,,
165,44,56,1,1,10,1,"1899-12-30 16:30:00",,,
166,45,57,1,1,10,1,"1899-12-30 09:15:00",,,
167,45,58,2,2,10,1,"1899-12-30 12:00:00","1899-12-30 13:00:00",225,"wall and boulders, ended doing Paratrophen at 12:40"
168,45,58,1,1,10,1,"1899-12-30 12:30:00",,,"largest leps"
169,45,58,3,1,10,1,"1899-12-30 13:00:00","1899-12-30 13:12:00",90,"front and back of ridge"
170,46,59,2,2,10,1,"1899-12-30 10:55:00","1899-12-30 11:55:00",241,"small part of point wall, but mostly huge boulders with sand and boulders between"
171,46,59,1,1,10,1,"1899-12-30 12:00:00",,,
172,46,59,3,2,10,1,"1899-12-30 12:00:00","1899-12-30 13:00:00",151,
173,46,59,1,1,10,1,"1899-12-30 13:05:00",,,
174,46,59,1,1,10,1,"1899-12-30 13:15:00",,,
175,46,60,1,2,10,1,"1899-12-30 13:30:00","1899-12-30 13:55:00",150,
176,46,61,1,1,10,1,"1899-12-30 14:00:00",,,"Leps in very good numbers, Xeno/Chaemo covered boulders"
177,46,61,1,1,10,1,"1899-12-30 14:05:00",,,"Largest leps"
178,46,62,1,1,10,1,"1899-12-30 14:25:00","1899-12-30 14:55:00",,"water too high for real census, but possible spot of island manipulations"
179,47,63,1,1,10,1,"1899-12-30 11:45:00",,,
180,47,63,2,2,10,1,"1899-12-30 12:05:00","1899-12-30 12:33:00",450,
181,47,63,3,2,10,1,"1899-12-30 12:40:00","1899-12-30 13:30:00",240,"total area covered 720, but H found between 2 channels of specified area"
182,47,63,1,1,10,1,"1899-12-30 13:35:00",,,
183,47,64,1,1,10,1,"1899-12-30 13:47:00",,,
184,48,63,1,1,10,1,"1899-12-30 15:55:00",,,
185,48,64,1,1,10,1,"1899-12-30 16:05:00",,,
186,48,63,3,2,10,2,"1899-12-30 02:50:00","1899-12-30 03:40:00",200,"night of the 30th, morning of the 1st"
187,48,63,4,2,10,2,"1899-12-30 03:40:00","1899-12-30 04:40:00",240,"night of the 30th, morning of the 1st"
188,48,63,1,1,10,1,"1899-12-30 03:40:00",,,"largest leps"
189,49,65,1,2,10,1,"1899-12-30 13:55:00","1899-12-30 14:55:00",300,"horizontal platform with lots of pools, boulders and wall on one side, channel on other, durvillea only a few meters away"
191,49,66,2,2,10,1,"1899-12-30 15:17:00","1899-12-30 16:18:00",175,
192,49,66,1,1,10,1,"1899-12-30 16:20:00",,,
193,49,66,3,2,10,1,"1899-12-30 16:35:00","1899-12-30 16:59:00",72,
194,49,66,1,1,10,1,"1899-12-30 17:00:00",,,
195,49,67,1,1,10,1,"1899-12-30 15:15:00",,,
196,49,62,2,2,10,2,"1899-12-30 03:04:00","1899-12-30 04:04:00",24,"Night of the 1st/morning of the 2nd"
197,49,62,3,2,10,2,"1899-12-30 04:05:00","1899-12-30 05:04:00",56,
198,49,62,4,2,10,2,"1899-12-30 05:04:00","1899-12-30 05:20:00",24,
199,49,62,1,1,10,2,"1899-12-30 05:20:00",,,"on top of outcrop"
200,49,62,1,1,10,2,"1899-12-30 15:30:00",,,"outcrops west of surveyed one and boulders in between"
201,50,62,1,1,10,1,"1899-12-30 15:00:00",,,"Observations made during collections for stable isotopes. Number and size of non-feeding Haustrum not recorded"
202,51,21,1,1,10,1,"1899-12-30 13:55:00",,,"In bay itself"
203,51,21,1,2,10,1,"1899-12-30 14:08:00","1899-12-30 15:15:00",,"Collecting larger (30-35 & 50+) Haustrum, covering ""Area 1"" and 1/2 of ""Area 2"".  Probably searched a bit higher up the shore, in the central area of the point,  in Area 1 than last time."
204,51,21,1,2,10,1,"1899-12-30 15:15:00","1899-12-30 16:25:00",,"1/2 of Area 2, some of Area 3, and back over some of Area 1"
205,51,21,1,1,10,1,"1899-12-30 16:45:00",,,"collecting Turbo and Melagraphia under rubble, rocks and cobble mid-highshore"
206,52,70,1,1,10,1,"1899-12-30 15:44:00","1899-12-30 16:24:00",,"initial look around - not systematic survey but all H seen measured"
207,52,71,1,1,10,1,"1899-12-30 16:42:00","1899-12-30 17:07:00",,"Initial site checkout - not systematic census though all seen H measured"
208,53,21,1,1,10,1,"1899-12-30 17:00:00",,,"Observation made while collecting for stable isotopes. No other pred events seen"
209,55,71,1,1,10,1,"1899-12-30 08:00:00",,,"SI collections, saw breeding agg of ~30 individs sized 30 to 50mm (most in the 30-40mm range)"
210,55,21,1,1,10,2,"1899-12-30 19:00:00",,,"Melagraphia collection"
211,56,71,1,1,10,1,"1899-12-30 08:30:00",,,"SI collection II"
212,57,4,4,2,10,1,"1899-12-30 08:00:00",,,"tagging, rock 3"
213,57,4,5,2,10,1,"1899-12-30 09:00:00",,,"tagging, Rock 4"
214,57,4,7,2,10,1,"1899-12-30 10:00:00",,,"tagging, Rock 6"
215,58,4,7,2,10,1,"1899-12-30 09:00:00",,,"tagging, rock 6"
216,59,4,7,1,10,1,"1899-12-30 10:00:00",,,"quick sear"
217,59,4,5,1,10,1,"1899-12-30 11:00:00",,,"quick check of rock 4"
218,59,4,4,1,10,1,"1899-12-30 11:15:00",,,"Quick check of Rock 3"
219,60,19,2,1,10,1,"1899-12-30 11:00:00",,,"checking Lepsiella plots"
220,60,19,3,2,10,1,"1899-12-30 11:13:00","1899-12-30 13:47:00",,"Searched regular ""higher"" zone (that was searched the first times) first (until 12:40), then, because of the great low tide, searched the algal zone 'til 13:47"
221,61,5,1,1,10,1,"1899-12-30 15:00:00",,,
222,61,4,4,2,10,1,"1899-12-30 13:32:00","1899-12-30 14:14:00",,"Orange and Yellow handled, Green untouched.  Handled when tag not visible. Untagged marked with red dot. Old red dots NOT counted"
223,61,4,5,2,10,1,"1899-12-30 14:14:00","1899-12-30 14:43:00",,"Orange and Yellow handled, Green untouched.  Handled when tag not visible. Untagged marked with red dot. Old red dots NOT counted"
224,61,4,7,2,10,1,"1899-12-30 14:43:00","1899-12-30 15:08:00",,"Orange and Yellow handled, Green untouched.  Handled when tag not visible. Untagged marked with red dot. Old red dots NOT counted - ONLY PLATFORM AND ROCK SOUTHSIDE SURVEYED, water already ~30cm too high at start of survey"
225,62,4,7,2,10,1,"1899-12-30 16:15:00","1899-12-30 16:26:00",,"few waves but poor tide, algae not out - only at mid-tar zone. Trying to complete east and north side of rock 6.  abandoned however"
226,62,5,1,1,10,1,"1899-12-30 16:45:00",,,
227,63,5,1,1,10,1,"1899-12-30 17:00:00",,,
228,64,5,1,1,10,2,"1899-12-30 20:30:00",,,
229,65,5,1,1,10,1,"1899-12-30 07:30:00",,,
230,65,72,1,1,10,1,"1899-12-30 08:00:00",,,"Very warm, clear morning.  Saw H's in low #'s,mostly ~20mm's, but some up to 50mm.  Doing Lepsiella collection - in good, but patchy numbers"
231,66,73,1,1,10,1,"1899-12-30 08:07:00","1899-12-30 10:00:00",,"Two aggregations seen, northern end ""guarded"" by seals,  50 series = largest seen"
232,67,4,2,2,10,1,"1899-12-30 07:13:00","1899-12-30 07:25:00",,
233,67,4,3,2,10,1,"1899-12-30 07:25:00","1899-12-30 07:36:00",,"Between Rock 1 & 2"
234,67,4,4,2,10,1,"1899-12-30 07:36:00","1899-12-30 08:23:00",,"Rock 3, gravel has come up significantly ~1ft higher."
235,67,4,5,2,10,1,"1899-12-30 08:23:00","1899-12-30 08:40:00",,"Area between rock 4 and 5 almost completely covered except for tops of rocks!!!"
236,67,4,7,2,10,1,"1899-12-30 08:40:00","1899-12-30 10:04:00",,"Rock 6 - not as deeply covered by gravel"
238,3,31,1,1,11,1,"1899-12-30 12:00:00",,,
239,4,31,1,1,14,1,"1899-12-30 14:00:00","1899-12-30 17:30:00",,
240,5,33,1,2,11,1,"1899-12-30 12:00:00",,,
241,6,76,1,2,12,1,"1899-12-30 12:00:00",,,
243,69,31,1,2,15,1,"1899-12-30 12:00:00",,,
244,70,31,1,2,11,1,"1899-12-30 12:00:00",,,"""usual area"""
245,71,32,1,2,12,1,"1899-12-30 12:00:00",,,
246,71,33,1,2,12,1,"1899-12-30 12:00:00",,,
247,72,77,1,2,16,1,"1899-12-30 12:00:00",,,"""Prey in about this [as preyed upon] abundance. Lunella few and far between. Also large."""
248,73,37,1,2,11,1,"1899-12-30 14:00:00","1899-12-30 16:00:00",,
249,74,32,3,2,11,1,"1899-12-30 12:00:00",,,"Bob's Area #1"
250,74,32,10,2,11,1,"1899-12-30 12:00:00",,,"Bob's Area #2"
251,74,32,6,2,11,1,"1899-12-30 12:00:00",,,"Bob's area #3"
252,74,31,2,2,11,1,"1899-12-30 12:00:00",,,"Bob's area #4"
253,74,31,3,2,11,1,"1899-12-30 12:00:00",,,"Bob's area #5"
254,74,31,1,1,11,1,"1899-12-30 12:00:00",,,"""Additional [observations] from areas 4-5"""
255,75,36,2,2,13,1,"1899-12-30 12:00:00",,,"Area 1: C. glomerata level"
256,75,36,3,2,13,1,"1899-12-30 12:00:00",,,"C. glomerata level"
257,76,32,1,2,11,1,"1899-12-30 12:00:00",,,
258,76,34,1,2,11,1,"1899-12-30 12:00:00",,,"Haustrum in spawning aggregations"
259,77,36,2,2,13,1,"1899-12-30 12:00:00",,,"Part of comparison btwn Paine and Beckett"
260,77,36,3,1,12,1,"1899-12-30 12:00:00",,,"Part of comparison btwn Paine & Beckett, only feeding whelks measured"
261,77,36,4,1,11,1,"1899-12-30 12:00:00",,,"Part of comparison btwn Paine and Beckett, only feeding whelks measured"
262,77,36,5,2,11,1,"1899-12-30 12:00:00",,,"Part of comparison btwn Paine and Beckett"
263,78,78,1,2,17,1,"1899-12-30 12:00:00",,,"Haustrum not common. Nerita very common. Many C. radians as well. [Turbo] and Lepsiella uncommon."
265,79,34,1,2,12,1,"1899-12-30 12:00:00",,,
266,79,79,1,2,12,1,"1899-12-30 12:00:00",,,"Haustrum in spawning aggregations up to 33, but spawning had not commenced yet"
267,80,36,2,2,11,1,"1899-12-30 12:00:00",,,"""Haustrum is continuing to spawn but the majority are feeding again. H with egg capsules seen on sandstone flast, obviously having moved a minimum of 6m from nearest egg cluster.""  Done for comparison btwn Paine and Beckett"
268,80,36,3,2,13,1,"1899-12-30 12:00:00",,,"""Haustrum is continuing to spawn but the majority are feeding again. H with egg capsules seen on sandstone flast, obviously having moved a minimum of 6m from nearest egg cluster.""  Done for comparison btwn Paine and Beckett"
269,81,80,2,2,11,1,"1899-12-30 08:00:00","1899-12-30 10:00:00",,"One breeding aggregation consisting of 6 (non-feeding) individuals"
270,81,80,3,2,13,1,"1899-12-30 08:00:00","1899-12-30 10:00:00",,"No breeding aggregations. Some have spawned on one rock"
271,81,80,2,2,12,2,"1899-12-30 21:00:00","1899-12-30 21:30:00",,"Two breeding aggregations of 10 and 6 non-feeding individuals"
272,81,80,3,2,12,2,"1899-12-30 21:30:00","1899-12-30 22:00:00",,"no breeding aggregations"
273,82,80,2,2,11,1,"1899-12-30 08:00:00",,,"Paine observed 2 breeding aggregations of 11 and 6 individuals, Beckett observed none"
274,82,80,4,2,13,1,"1899-12-30 08:00:00",,,"3 breeding aggregations of 9, 6 and 5"
275,82,80,3,2,11,1,"1899-12-30 12:00:00",,,"no aggregations"
276,83,81,1,2,11,1,"1899-12-30 12:00:00",,,"""Major available prey Nerita and [Turbo]. Area sand pavement of dissected granitic rock. Haustrum in pools mainly. Density low."" ""No sign of breeding aggregations"""
277,83,78,1,2,11,1,"1899-12-30 12:00:00",,,"""No sign of breeding aggregations"""
278,84,32,1,1,11,1,"1899-12-30 12:00:00",,,"""no sign of spawning yet - animals scattered and feeding incidence at usual level"""
280,87,19,3,3,10,1,"1899-12-30 12:00:00",,,"Release of tagged individuals"
281,43,19,3,3,10,1,"1899-12-30 12:00:00",,,"Remeasure tagged Individuals"
282,88,4,2,2,10,1,"1899-12-30 08:45:00",,,"Top of algae exposed, not a great tide.  Rock 6 platform still under ~30cm of water"
283,88,4,3,2,10,1,"1899-12-30 08:55:00",,,"Includes areas between rocks 2 and 3 and rocks 3 and 4"
284,88,4,4,2,10,1,"1899-12-30 09:15:00",,,
285,88,4,5,2,10,1,"1899-12-30 09:40:00",,,
286,88,4,7,2,10,1,"1899-12-30 09:50:00","1899-12-30 11:00:00",,
287,88,4,1,1,10,1,"1899-12-30 11:00:00",,,"Hunt for other tagged individuals on surrounding rocks"
288,58,21,1,3,10,1,"1899-12-30 12:00:00",,,"Date not exact - ""First week of August"""
289,89,85,1,1,10,1,"1899-12-30 14:00:00",,,
290,89,87,1,1,10,1,"1899-12-30 14:30:00",,,
291,89,70,1,1,10,1,"1899-12-30 14:45:00",,,
292,90,5,1,1,10,2,"1899-12-30 18:00:00",,,"prey collection for Haustrum growth rate experiment"
293,91,71,1,2,10,1,"1899-12-30 12:00:00","1899-12-30 15:00:00",,"times approximate, Haustrum and Lepsiella collection, all Haustrum observed were collected.  NOTE: some more were found the next day!"
294,92,71,1,1,10,1,"1899-12-30 13:00:00",,,"additional Haustrum found and collected"
295,93,62,1,1,10,1,"1899-12-30 13:00:00",,,
296,93,59,1,1,10,1,"1899-12-30 14:00:00",,,
297,93,60,1,1,10,1,"1899-12-30 15:00:00",,,
298,93,62,1,1,10,1,"1899-12-30 16:00:00",,,
300,94,62,1,1,10,1,"1899-12-30 16:00:00",,,
301,97,62,1,1,10,1,"1899-12-30 16:00:00",,,"during quadrat surveys"
302,97,62,1,2,10,2,"1899-12-30 18:27:00","1899-12-30 18:50:00",20,"after quadrat survey"
303,117,62,5,2,10,1,"1899-12-30 07:37:00","1899-12-30 08:01:00",30,"West rock"
304,117,62,1,1,10,1,"1899-12-30 08:01:00",,,
305,117,62,1,1,10,1,"1899-12-30 16:00:00",,,
306,117,62,1,2,10,1,"1899-12-30 19:31:00","1899-12-30 19:53:00",8,"area ignoring topography"
307,118,62,1,2,10,1,"1899-12-30 05:05:00","1899-12-30 05:28:00",80,"Eastern outcrop (80m^2) mostly Epopella and Xeno patches"
308,118,62,1,2,10,1,"1899-12-30 05:30:00","1899-12-30 06:20:00",68,"Mid-outcrop (W side) and point (67.5m^2) Mussel and Barnacle zone"
309,118,62,1,2,10,1,"1899-12-30 06:28:00","1899-12-30 06:46:00",36,"Outcrop 3 - (overhang)"
310,118,62,1,2,10,1,"1899-12-30 06:52:00","1899-12-30 07:16:00",28,"N face of E side of outrop 3 (edge of pool -> east)"
311,119,5,1,1,10,1,"1899-12-30 12:00:00",,,
312,120,5,1,1,10,2,"1899-12-30 19:30:00",,,"prey collection"
314,121,90,2,2,10,1,"1899-12-30 09:30:00","1899-12-30 10:54:00",,"After size-freq survey; All of survey area covered"
315,121,90,1,1,10,1,"1899-12-30 09:45:00","1899-12-30 10:18:00",100,"Start at head of cove,under overhang on backside, breeding agg? But no eggs; survey area and next cove south"
316,122,90,1,2,10,1,"1899-12-30 09:04:00","1899-12-30 10:08:00",,
317,123,90,1,2,10,2,"1899-12-30 07:35:00","1899-12-30 08:43:00",,"Left rocks (3) left of boulders"
318,123,90,1,2,10,1,"1899-12-30 08:55:00","1899-12-30 10:02:00",,
319,124,90,1,2,10,1,"1899-12-30 07:38:00","1899-12-30 08:55:00",,"mid rocks (right of boulders)"
320,124,90,1,2,10,1,"1899-12-30 09:15:00","1899-12-30 10:15:00",,"Middle finger"
322,124,90,1,2,10,1,"1899-12-30 10:21:00","1899-12-30 10:43:00",,"N side of mid finger, NE corner only"
323,124,90,1,2,10,1,"1899-12-30 10:45:00","1899-12-30 11:01:00",,"Base of northern finger just south of boulders"
325,124,5,1,1,10,1,"1899-12-30 21:05:00","1899-12-30 22:10:00",,"H collection for Htime experiments, prey not kept, NF not measured"
326,125,62,1,2,10,1,"1899-12-30 14:30:00","1899-12-30 15:31:00",,"Main rock - west to N side to S side, Lepsiella egg mass between Mytilus on E. side of NW point.  ~20 eggs not hatched in Mytilus zone.  Leps eggs seen the last time are gone.  One leps 5mm size close by."
327,125,62,1,2,10,1,"1899-12-30 15:48:00","1899-12-30 17:02:00",,"N side inside curl, Patch where Mytilus was removed - nothing recruited, still just byssal threads, Southside at 16:35, Breeding Agg under north side of largest boulder on south side of outcrop (in channel). No eggs though."
328,125,62,1,2,10,1,"1899-12-30 17:25:00","1899-12-30 18:02:00",3,"High: Barnacle/Xeno zone"
329,126,62,1,2,10,1,"1899-12-30 14:02:00","1899-12-30 15:27:00",,"S. side of main rock"
330,126,62,1,2,10,1,"1899-12-30 15:34:00","1899-12-30 16:35:00",,"Northside mainrock, midzone"
331,126,62,1,2,10,1,"1899-12-30 16:48:00","1899-12-30 17:45:00",,"Southside of Channel, dusk, wind shifted to SW, drizzle & intermittent rain"
332,126,62,1,2,10,1,"1899-12-30 17:55:00","1899-12-30 18:42:00",,"NE corner main rock"
333,126,62,1,1,10,1,"1899-12-30 18:30:00",,,
334,103,66,1,1,10,1,"1899-12-30 12:00:00",,,"At start of quadrat survey"
335,127,66,1,1,10,2,"1899-12-30 07:00:00",,,
336,127,66,1,2,10,1,"1899-12-30 08:52:00","1899-12-30 09:35:00",,"E side 1st channel - midshore"
337,127,66,1,2,10,1,"1899-12-30 09:28:00","1899-12-30 09:57:00",,"E side 1st channel - highshore"
338,127,66,1,2,10,2,"1899-12-30 17:50:00","1899-12-30 18:57:00",,"Started at SE point of 1st channel (E side only), then W side to end of pool/start of next larger pool"
339,127,66,1,2,10,1,"1899-12-30 18:59:00","1899-12-30 20:03:00",,"W side channel 2 (from N point) to pool then back to east side of channel to end point of channel 1 west side survey"
340,128,62,1,2,10,1,"1899-12-30 07:15:00","1899-12-30 08:42:00",,"All of N side of main rock incl. flat bit on NE corner"
341,127,62,1,2,10,1,"1899-12-30 08:51:00",,,
342,128,62,1,2,10,1,"1899-12-30 08:51:00","1899-12-30 09:16:00",,"Westside"
343,128,62,1,2,10,1,"1899-12-30 09:17:00","1899-12-30 10:03:00",,"East and S. sides of Main rock"
344,128,62,1,1,10,1,"1899-12-30 10:15:00",,,"south side of channel"
345,128,66,1,1,10,1,"1899-12-30 17:00:00",,,
346,129,62,1,2,10,1,"1899-12-30 08:48:00","1899-12-30 10:10:00",,"westside and corner of channel/ 2nd rock"
347,130,90,2,2,10,2,"1899-12-30 17:28:00","1899-12-30 18:25:00",,"Transect area starting seaside and around to back boulders behind ridge (Breeding Agg under largest boulder, undisturbed)"
348,131,90,1,2,10,1,"1899-12-30 07:46:00","1899-12-30 08:30:00",,"N side of transect channel"
349,131,90,1,2,10,1,"1899-12-30 08:35:00","1899-12-30 09:02:00",,"N side of rock (north of transect area) - Finger 1 - All but ""ball"" at end of outrop, but incl. ""fingernail"""
350,131,90,2,2,10,1,"1899-12-30 09:11:00","1899-12-30 09:58:00",,"Transect Area"
351,131,90,1,1,10,1,"1899-12-30 09:30:00",,,
352,132,90,1,2,10,1,"1899-12-30 08:16:00","1899-12-30 09:39:00",,"Mid rocks (none on small outcrop, Main landside extension of N. finger, then south and north sides of N finger. (only 3 H seen on N side)"
353,133,90,1,2,10,1,"1899-12-30 08:43:00","1899-12-30 10:19:00",,"Left of boulders"
354,133,5,1,1,10,1,"1899-12-30 11:15:00",,,"Large H collection"
355,134,90,1,2,10,1,"1899-12-30 09:14:00","1899-12-30 10:54:00",,"N waterside outcrop, N of boulders"
356,134,90,1,2,10,1,"1899-12-30 11:52:00","1899-12-30 12:38:00",,"Mid finger thumbnail"
357,134,90,1,1,10,1,"1899-12-30 12:38:00",,,"Base rock, land side outcrop (N. finger)"
359,136,5,1,1,10,1,"1899-12-30 10:30:00",,,"Haustrum collection"
360,137,5,1,1,10,1,"1899-12-30 12:30:00",,,"Haustrum collection"
361,138,5,1,1,10,1,"1899-12-30 14:00:00",,,
362,139,5,1,1,10,1,"1899-12-30 15:00:00",,,"Haustrum collection"
363,140,62,1,2,10,1,"1899-12-30 14:03:00","1899-12-30 15:05:00",,"Main rock, west side; single Leps egg in high crack, 3 hatched eggs on rock face"
364,140,62,1,2,10,1,"1899-12-30 15:20:00","1899-12-30 16:15:00",,"North side main rock, no recruitment to mussel core patch, ~80 Leps eggs in crack, Mytilus zone"
365,140,62,1,2,10,1,"1899-12-30 16:20:00","1899-12-30 17:27:00",,"North side of main rock"
366,105,66,1,2,10,1,"1899-12-30 14:15:00","1899-12-30 14:50:00",,"overcast, wind from SW, large waves from swell, 2nd finger mid crevice, highshore"
367,105,66,1,2,10,2,"1899-12-30 17:11:00","1899-12-30 17:41:00",,"East side 2nd finger, eggs still abound"
368,105,66,1,2,10,2,"1899-12-30 17:50:00","1899-12-30 18:30:00",,"W side, 1st channel"
369,109,62,1,2,10,2,"1899-12-30 18:06:00","1899-12-30 19:37:00",,"overcast, wind from South, avg.swell and waves, E side 2nd rock, starting around corner at pool"
371,106,66,1,2,10,1,"1899-12-30 15:31:00","1899-12-30 16:07:00",,"clear sunny sky but intermittent rain, wind from SW, low swell, avg. to large waves.  N end 2nd finger"
372,106,66,1,3,10,1,"1899-12-30 16:13:00","1899-12-30 16:43:00",,"Starting S end of E side of 1st channel"
373,106,66,1,2,10,1,"1899-12-30 16:43:00","1899-12-30 17:29:00",,"W side Channel 1 to end of pool, overcast"
374,106,66,1,2,10,2,"1899-12-30 19:08:00","1899-12-30 19:41:00",,"E side 2nd channel, end at pool"
375,106,66,1,2,10,2,"1899-12-30 19:41:00","1899-12-30 20:06:00",,"W side 2nd channel"
376,141,62,1,1,10,1,"1899-12-30 12:00:00",,,"Stable isotope and lab expmt collection"
377,115,91,1,1,10,1,"1899-12-30 12:45:00",,,"overcast, flat water, very low swell"
378,142,91,2,2,10,1,"1899-12-30 14:28:00","1899-12-30 15:00:00",,"Rock 1 - southside from E point and around to North side, only 2 individuals seen on N side"
379,142,91,3,2,10,1,"1899-12-30 15:00:00","1899-12-30 15:54:00",,"rock 2, from E point southside and all the way around"
380,142,91,4,2,10,1,"1899-12-30 16:01:00","1899-12-30 16:52:00",,"Rock 3 N side, channel E side, and south side"
381,142,91,5,2,10,1,"1899-12-30 16:55:00","1899-12-30 17:25:00",,"rock 4, N side to corner past slab (excluding inaccessible wall)"
382,143,90,2,2,10,1,"1899-12-30 15:15:00","1899-12-30 16:15:00",,"Transect 1 area and past (and around to boulder), breeding agg under boulder still present but NOT counted"
383,143,90,1,2,10,1,"1899-12-30 16:18:00","1899-12-30 17:15:00",,"Middle finger whole way around"
385,143,90,1,2,10,1,"1899-12-30 17:28:00","1899-12-30 17:54:00",,"waterside outcrop, dusk"
387,144,91,3,2,10,1,"1899-12-30 08:13:00","1899-12-30 09:03:00",,"Rock 2"
389,144,91,4,2,10,1,"1899-12-30 09:22:00","1899-12-30 09:55:00",,"N side rock 3 and channel"
390,144,91,3,2,10,1,"1899-12-30 09:58:00","1899-12-30 10:17:00",,"Rock 2"
391,145,91,1,1,10,1,"1899-12-30 08:30:00",,,"during size-freq survey"
392,145,91,5,2,10,1,"1899-12-30 10:28:00","1899-12-30 11:01:00",,"Rock 4 N side"
393,146,5,1,1,10,1,"1899-12-30 12:00:00",,,"Prey collection"
394,116,91,2,2,10,1,"1899-12-30 13:19:00","1899-12-30 13:50:00",,"Rock 1 southside and crack in middle"
395,147,90,1,2,10,1,"1899-12-30 12:00:00","1899-12-30 12:51:00",,"Mid finger, seaward side & landward side of N side"
396,147,90,1,2,10,1,"1899-12-30 12:55:00","1899-12-30 13:22:00",,"Midfinger landside south"
397,147,90,1,1,10,1,"1899-12-30 13:22:00",,,"during leps survey"
398,148,90,4,2,10,1,"1899-12-30 12:22:00","1899-12-30 13:32:00",,"rock 3"
399,149,72,1,1,10,1,"1899-12-30 17:00:00",,,"Checking barnacle settlement plates"
401,113,91,1,1,10,1,"1899-12-30 09:00:00",,,
402,113,90,1,1,10,2,"1899-12-30 18:30:00",,,
403,150,91,1,1,10,1,"1899-12-30 08:20:00",,,
404,150,91,3,2,10,1,"1899-12-30 07:20:00","1899-12-30 08:20:00",,"sunrise, rock 2"
405,150,91,1,2,10,1,"1899-12-30 08:23:00","1899-12-30 08:55:00",,"rock 1"
406,150,91,4,2,10,1,"1899-12-30 09:02:00","1899-12-30 09:32:00",,"rock 3 N side"
407,151,90,2,2,10,1,"1899-12-30 07:20:00","1899-12-30 08:18:00",,"Transect 1 area and beyond a little, upper end not done, siphonaria-like egg mass"
408,151,90,2,1,10,1,"1899-12-30 08:20:00",,,"during Haustrum survey"
409,151,90,1,2,10,1,"1899-12-30 08:25:00","1899-12-30 09:31:00",,"North finger"
410,151,90,1,2,10,1,"1899-12-30 09:40:00","1899-12-30 10:22:00",,"Waterside outcrop"
411,151,90,1,2,10,1,"1899-12-30 10:27:00","1899-12-30 10:58:00",,"Waterside outcrop, N side"
412,151,90,1,1,10,1,"1899-12-30 11:00:00",,,
413,151,90,1,2,10,1,"1899-12-30 11:03:00","1899-12-30 11:33:00",,"Middle finger thumbnail"
414,151,91,4,1,10,2,"1899-12-30 20:29:00","1899-12-30 21:05:00",,"clear sky, breeze from N, nearly flat water, Rock 3 channel and S side"
415,151,91,5,2,10,2,"1899-12-30 21:08:00","1899-12-30 21:49:00",,"rock 4 N side"
416,151,91,1,1,10,1,"1899-12-30 21:40:00",,,"during H survey"
417,151,91,5,2,10,1,"1899-12-30 21:51:00","1899-12-30 22:21:00",,"Rock 4 Channel East side and south side of rock 4 (2 breeding aggregations under boulder w/eggs Not disturbed"
419,152,91,3,2,10,1,"1899-12-30 07:44:00","1899-12-30 08:10:00",,"rock 2"
420,152,91,2,1,10,1,"1899-12-30 08:30:00",,,
421,152,91,2,2,10,1,"1899-12-30 08:38:00","1899-12-30 09:30:00",,"Rock 1"
422,152,91,2,1,10,1,"1899-12-30 09:28:00",,,"during Leps survey"
423,152,91,4,2,10,1,"1899-12-30 09:30:00","1899-12-30 10:39:00",,"Rocck 3 N side, channel, southside"
424,152,91,5,2,10,1,"1899-12-30 10:44:00","1899-12-30 11:23:00",,"Rock 4 N side"
425,152,91,1,1,10,1,"1899-12-30 11:00:00",,,"during Leps survey"
426,112,90,1,2,10,1,"1899-12-30 08:31:00","1899-12-30 09:02:00",,"Waterside outcrop, S side"
427,112,90,1,2,10,1,"1899-12-30 10:32:00","1899-12-30 11:18:00",,"Midfinger N + Thumbnail but not ball; single Lepsiella egg under stone in high pool"
428,112,90,1,2,10,1,"1899-12-30 11:18:00","1899-12-30 12:00:00",,"Midfinger southside"
429,112,90,1,2,10,1,"1899-12-30 12:01:00","1899-12-30 12:32:00",,"Thumbnail of Midfinger"
430,153,4,2,2,10,1,"1899-12-30 09:45:00",,,"Rock 1 w/ side outrop"
431,153,4,3,2,10,1,"1899-12-30 10:05:00",,,"Rock 2"
432,153,4,4,2,10,1,"1899-12-30 10:38:00",,,"Rock 3"
433,153,4,6,2,10,1,"1899-12-30 12:00:00",,,"rock 5, main rock across from channel"
434,153,4,8,2,10,1,"1899-12-30 12:01:00","1899-12-30 12:50:00",,"rock 7"
435,154,91,3,2,10,1,"1899-12-30 11:54:00","1899-12-30 12:32:00",,"rock 2"
436,156,71,1,3,10,1,"1899-12-30 18:00:00",,,"Tagged Haustrum from prey-specific growth rates experiment released during evening low tide."
437,156,71,1,3,10,1,"1899-12-30 18:01:00",,,"Haustrum collected back in may but never used in experiments, released with used Haustrum of previous census"
439,171,62,1,1,10,1,"1899-12-30 15:00:00",,,
440,171,62,2,1,10,1,"1899-12-30 17:53:00","1899-12-30 19:00:00",,"Empty egg cases under boulder in channel where aggregation was seend at the end of the last season.  Boulder broke in half the next day! Survey done at end of low tide period, South Side of channel, south of main rock.  Lowtide @15:00"
441,172,62,3,2,10,1,"1899-12-30 19:50:00","1899-12-30 20:21:00",,"South side main rock, SW corner"
442,170,62,3,2,10,1,"1899-12-30 06:50:00","1899-12-30 08:22:00",,"Started at NW corner to W face and around South face.  Cool foggy morning after clear moon-less night"
443,170,62,3,2,10,1,"1899-12-30 08:26:00","1899-12-30 08:46:00",,"Middlie of south side of main rock"
444,170,66,2,2,10,1,"1899-12-30 20:28:00","1899-12-30 21:05:00",,"E side channel 1"
445,170,66,1,1,10,1,"1899-12-30 17:45:00",,,
446,173,62,1,1,10,1,"1899-12-30 07:20:00",,,
447,173,62,3,2,10,1,"1899-12-30 08:02:00","1899-12-30 09:22:00",,"Main Rock, starting E side around to North, to and including 1/2 of turn on  N side of Main roack"
448,173,66,2,2,10,1,"1899-12-30 17:10:00","1899-12-30 17:59:00",,"E side 1st channel"
449,173,66,3,2,10,1,"1899-12-30 18:00:00","1899-12-30 18:50:00",,"W side channel 1, starting at N end of pool"
450,173,66,1,1,10,1,"1899-12-30 19:10:00",,,
451,173,66,2,2,10,1,"1899-12-30 19:26:00","1899-12-30 19:58:00",,"SW end of channel 1"
452,173,66,4,2,10,1,"1899-12-30 20:13:00","1899-12-30 20:59:00",,"E side channel 2. Start @ 2nd pool to end of channel.  overcast and drizzling. C. radians recruits on low boulders."
453,174,66,3,2,10,1,"1899-12-30 16:44:00","1899-12-30 17:10:00",,"N end of 1st rock (btwn channels 1 & 2), falling tide"
454,174,66,5,2,10,2,"1899-12-30 21:59:00","1899-12-30 22:27:00",,"W side channel 2, to end of wall (i.e. to pool)"
455,175,62,2,2,10,1,"1899-12-30 05:57:00","1899-12-30 08:04:00",,"S side of channel, tide just fallen"
456,175,62,5,1,10,1,"1899-12-30 09:05:00",,,
457,175,62,5,2,10,1,"1899-12-30 08:16:00","1899-12-30 09:40:00",,"W side of channel and around corner to pool (now filled with cobbles)"
458,175,62,3,2,10,1,"1899-12-30 10:15:00","1899-12-30 11:01:00",,"N side main rock, start time approx."
459,175,62,2,2,10,1,"1899-12-30 18:08:00","1899-12-30 18:37:00",,"SE corner of main rock. Overcast, low waves, wind from south, drizzle"
460,175,62,1,1,10,1,"1899-12-30 18:38:00",,,
461,175,62,6,2,10,1,"1899-12-30 18:39:00","1899-12-30 19:11:00",,"South side of channel"
462,175,62,2,2,10,1,"1899-12-30 19:12:00","1899-12-30 19:52:00",,"N side main rock"
463,175,62,2,2,10,1,"1899-12-30 19:52:00","1899-12-30 20:21:00",,
464,175,62,2,2,10,2,"1899-12-30 20:30:00","1899-12-30 21:58:00",,"Main rock, E & N sides"
465,175,62,4,2,10,2,"1899-12-30 22:02:00","1899-12-30 23:04:00",,"W and South sides"
466,176,66,2,3,10,1,"1899-12-30 06:56:00","1899-12-30 07:35:00",,"E side 1st channel"
467,176,66,3,2,10,1,"1899-12-30 07:37:00","1899-12-30 08:18:00",,"W side 1st channel"
468,176,66,4,1,10,1,"1899-12-30 08:23:00",,,
469,176,66,4,2,10,1,"1899-12-30 08:23:00","1899-12-30 09:04:00",,"E side 2nd channel"
470,176,66,4,1,10,1,"1899-12-30 09:05:00",,,"in boulders"
471,176,66,5,2,10,1,"1899-12-30 09:10:00","1899-12-30 09:39:00",,"W side channel 2"
472,176,66,6,2,10,1,"1899-12-30 09:40:00","1899-12-30 09:50:00",,"W side of 2nd rock"
473,176,66,6,2,10,1,"1899-12-30 10:00:00","1899-12-30 10:50:00",,"SW side of Rock 2, clear sunny hot day"
474,176,66,4,2,10,1,"1899-12-30 10:51:00","1899-12-30 11:20:00",,"E side 2nd channel"
475,176,66,3,2,10,1,"1899-12-30 11:21:00","1899-12-30 11:37:00",,"N end of Rock 1.  Indirect sunlight all morning, most in cracks"
476,176,66,2,2,10,1,"1899-12-30 11:39:00","1899-12-30 12:07:00",,"E side 1st channel"
477,177,91,2,2,10,1,"1899-12-30 14:37:00","1899-12-30 15:16:00",,"rock 1, tide falling"
478,178,91,4,2,10,1,"1899-12-30 07:16:00","1899-12-30 07:53:00",,"Lepsiella are higher than in winter, Nside rock 3"
479,179,91,2,2,10,1,"1899-12-30 18:08:00","1899-12-30 19:32:00",,"rock 1, eggs, probably hatched - can't see well enough"
480,179,91,3,2,10,1,"1899-12-30 19:36:00","1899-12-30 20:09:00",,"rock 2, hatched eggs btwn rock 2 and it's side rock"
481,179,91,4,2,10,1,"1899-12-30 20:10:00","1899-12-30 20:54:00",,"rock 3, hatched egges in crack NE corner"
482,180,90,4,2,10,1,"1899-12-30 18:05:00","1899-12-30 18:44:00",,"N end of mid finger"
483,180,90,3,2,10,1,"1899-12-30 18:45:00","1899-12-30 20:30:00",,"mid-finger"
484,180,90,5,2,10,2,"1899-12-30 20:43:00","1899-12-30 20:54:00",,"waterside outcrop, water coming back up. w/headlamp.  Kenan dropped headlamp"
485,181,90,4,2,10,1,"1899-12-30 06:32:00","1899-12-30 07:06:00",,"W end of midfinger"
486,181,90,7,2,10,1,"1899-12-30 07:14:00","1899-12-30 07:45:00",,"Waterside outcrop"
487,181,90,6,1,10,1,"1899-12-30 07:50:00",,,
488,181,90,6,2,10,1,"1899-12-30 07:47:00","1899-12-30 08:22:00",,"Waterside outcrop, crap tide, continued from end  point of yesterday, water still falling"
489,181,90,1,1,10,1,"1899-12-30 08:30:00",,,
490,181,90,4,2,10,1,"1899-12-30 08:41:00","1899-12-30 09:44:00",,"N finger southside, none observed on N side"
491,181,90,1,1,10,1,"1899-12-30 09:44:00",,,
492,181,90,3,2,10,1,"1899-12-30 09:55:00","1899-12-30 10:24:00",,"E end midfinger"
493,181,90,2,2,10,1,"1899-12-30 18:30:00","1899-12-30 19:12:00",,"Overcast & hard rain, low swell, shoreward end of southern finger (transect line) to seaward end"
494,181,90,2,2,10,1,"1899-12-30 19:13:00","1899-12-30 20:07:00",,"Transect area - N side southern finger"
495,181,90,5,2,10,1,"1899-12-30 20:10:00","1899-12-30 20:53:00",,"Next channel south of main transect area, N side"
496,181,90,6,2,10,2,"1899-12-30 20:53:00","1899-12-30 21:16:00",,"Channel south of main transect area, south side of channel"
497,182,91,5,2,10,1,"1899-12-30 19:51:00","1899-12-30 20:20:00",,"rock 4"
498,182,91,1,2,10,2,"1899-12-30 20:23:00","1899-12-30 21:12:00",,"N side rock 4"
499,182,91,5,2,10,2,"1899-12-30 21:15:00","1899-12-30 21:42:00",,"Rock 4, S side"
500,182,91,4,2,10,2,"1899-12-30 21:43:00","1899-12-30 22:03:00",,"Rock 3, N Side"
501,182,91,2,2,10,1,"1899-12-30 22:04:00","1899-12-30 22:13:00",,"Rock 1, abandoned - water too high"
502,183,91,4,2,10,1,"1899-12-30 09:52:00","1899-12-30 10:24:00",,"Rock 3, S side"
503,183,91,3,2,10,1,"1899-12-30 10:26:00","1899-12-30 11:03:00",,"rock 2"
504,183,91,1,2,10,1,"1899-12-30 11:09:00","1899-12-30 11:21:00",,"rock 2"
505,183,91,4,2,10,1,"1899-12-30 11:23:00","1899-12-30 12:04:00",,"Rock 3"
506,184,91,2,2,10,1,"1899-12-30 10:48:00","1899-12-30 11:21:00",,"Rock 1"
507,184,91,5,2,10,1,"1899-12-30 11:22:00","1899-12-30 12:12:00",,"Rock 4, N side"
508,185,90,3,2,10,1,"1899-12-30 10:51:00","1899-12-30 11:46:00",,"Midfinger"
509,185,90,5,2,10,1,"1899-12-30 12:00:00","1899-12-30 12:54:00",,"Waterside outcrop"
510,185,90,6,2,10,1,"1899-12-30 12:56:00","1899-12-30 13:12:00",,"Shore side outcrop, shorewards of middle finger"
511,185,90,3,2,10,1,"1899-12-30 13:16:00","1899-12-30 13:43:00",,"Thumbnail of midfinger"
512,186,90,3,2,10,1,"1899-12-30 12:04:00","1899-12-30 12:32:00",,"W end midfinger"
513,186,90,4,2,10,1,"1899-12-30 12:33:00","1899-12-30 13:28:00",,"N side midfinger, breeze from N"
514,186,90,3,2,10,1,"1899-12-30 13:29:00","1899-12-30 14:17:00",,"Midfinger S side"
515,187,90,1,2,10,1,"1899-12-30 12:56:00","1899-12-30 14:18:00",,"Transect area (N. side of South finger)"
516,187,90,9,2,10,1,"1899-12-30 14:21:00","1899-12-30 15:09:00",,"N side of channel south of southfinger (i.e. S of main transect area)"
517,188,91,2,2,10,1,"1899-12-30 13:29:00","1899-12-30 14:05:00",,"Rock 1"
518,188,91,3,2,10,1,"1899-12-30 14:06:00","1899-12-30 14:52:00",,"rock 2"
519,188,91,4,2,10,1,"1899-12-30 14:53:00","1899-12-30 15:22:00",,"southside rock 3"
520,189,91,4,2,10,1,"1899-12-30 14:01:00","1899-12-30 14:58:00",,"Rock 3, most in cracks"
521,189,91,4,2,10,1,"1899-12-30 15:03:00","1899-12-30 15:36:00",,"Rock 3, N side"
522,189,91,5,2,10,1,"1899-12-30 15:38:00","1899-12-30 16:29:00",,"Rock 4, N side"
523,189,91,5,2,10,1,"1899-12-30 16:32:00","1899-12-30 17:08:00",,"Rock 4, S side"
524,190,91,5,2,10,1,"1899-12-30 15:25:00","1899-12-30 16:28:00",,"Rock 4, N side"
525,190,91,5,2,10,1,"1899-12-30 16:29:00","1899-12-30 17:00:00",,"Rock 4, S. side"
526,191,92,1,1,10,1,"1899-12-30 12:00:00",,,"200m from pier"
527,191,93,1,1,10,1,"1899-12-30 12:30:00",,,
528,191,94,1,1,10,1,"1899-12-30 14:43:00",,,"walking towards point from Menge's site"
529,191,96,1,1,10,1,"1899-12-30 15:00:00",,,
530,192,97,1,1,10,1,"1899-12-30 12:30:00",,,"Between trail and point in boulders"
531,192,98,1,1,10,1,"1899-12-30 15:15:00",,,
533,193,97,2,2,10,1,"1899-12-30 17:45:00","1899-12-30 18:30:00",,"N side main rocks, Leps mostly in cracks"
534,193,97,3,2,10,1,"1899-12-30 18:35:00","1899-12-30 18:44:00",,"N side rock btwn main rock and mainland"
535,194,97,4,2,10,1,"1899-12-30 14:35:00","1899-12-30 15:08:00",,"""Extra"" transect rock in middle of amphitheatre and surrounding rocks"
536,194,97,2,2,10,1,"1899-12-30 17:58:00","1899-12-30 18:49:00",,"Main rocks both sides"
537,194,97,4,2,10,1,"1899-12-30 18:52:00","1899-12-30 19:18:00",,"Mid rock & N part of amphitheater"
538,195,96,2,2,10,1,"1899-12-30 18:52:00","1899-12-30 19:30:00",,"Northern outcrops (closest to water)"
539,196,97,6,2,10,1,"1899-12-30 16:13:00","1899-12-30 16:59:00",,"furthest NE end rocks, not all rocks surveyed"
540,196,97,6,2,10,1,"1899-12-30 17:00:00","1899-12-30 18:29:00",,"Both NE rocks, most ""highs"" on platform behind outcrop - entered as Mids"
541,196,97,1,1,10,1,"1899-12-30 18:30:00",,,
542,196,97,5,2,10,1,"1899-12-30 18:48:00","1899-12-30 19:15:00",,"The in-between outcrop"
543,196,97,4,2,10,1,"1899-12-30 19:16:00","1899-12-30 19:42:00",,"Amphitheatre rocks"
544,196,97,2,2,10,1,"1899-12-30 20:22:00","1899-12-30 20:52:00",,"S side main rocks"
545,196,97,1,1,10,1,"1899-12-30 21:00:00",,,"boulders S of point"
546,197,96,5,1,10,1,"1899-12-30 17:52:00","1899-12-30 18:19:00",,"Backside rocks - backface, wind from south, p. cloudy/sunny, mid level waves"
547,197,96,6,2,10,1,"1899-12-30 18:19:00","1899-12-30 18:54:00",,"Backside rocks- platform S of channel"
548,197,96,7,2,10,1,"1899-12-30 18:58:00","1899-12-30 19:30:00",,"South face"
549,197,96,8,2,10,1,"1899-12-30 19:30:00","1899-12-30 20:04:00",,"W and NW face to high, deep, round pool"
550,197,96,9,2,10,1,"1899-12-30 20:33:00","1899-12-30 21:10:00",,"NW rocks vertical face, dusk"
551,197,96,10,2,10,2,"1899-12-30 21:10:00","1899-12-30 21:37:00",,"N most outcrops of site"
552,201,97,6,2,10,1,"1899-12-30 17:19:00","1899-12-30 18:20:00",,"NE rocks"
553,201,97,2,2,10,1,"1899-12-30 18:25:00","1899-12-30 19:14:00",,"Main rocks"
554,201,97,3,2,10,1,"1899-12-30 19:19:00","1899-12-30 19:44:00",,"Amphitheatre & middle rock"
555,201,97,3,2,10,1,"1899-12-30 20:10:00","1899-12-30 20:46:00",,"Middle & main rocks"
556,201,96,6,2,10,1,"1899-12-30 20:56:00","1899-12-30 21:42:00",,"Dusk w/ headlamp, Upper platform rocks, rainy, breeze from S?, low waves"
557,199,96,2,2,10,1,"1899-12-30 10:12:00","1899-12-30 10:42:00",,"E side main rock, clear cool day, low waves, v. slight breeze from S"
558,199,96,3,2,10,1,"1899-12-30 10:42:00","1899-12-30 11:11:00",,"S side main rock"
559,199,96,6,2,10,1,"1899-12-30 18:59:00","1899-12-30 19:05:00",,"Lower platform, clear sky, low waves, v. slight breeze"
560,199,96,7,2,10,1,"1899-12-30 19:05:00","1899-12-30 19:38:00",,"upper platform"
561,199,96,7,2,10,1,"1899-12-30 19:43:00","1899-12-30 20:16:00",,"upper platform"
562,199,96,1,2,10,1,"1899-12-30 20:40:00","1899-12-30 21:01:00",,"upper platform"
563,199,97,6,2,10,2,"1899-12-30 21:27:00","1899-12-30 22:20:00",,"NE rocks, clear sky, night, low waves"
564,199,97,6,2,10,2,"1899-12-30 22:29:00","1899-12-30 22:59:00",,"NE rocks"
565,202,96,7,2,10,1,"1899-12-30 07:39:00","1899-12-30 08:07:00",,"Lower platform"
566,202,96,2,2,10,1,"1899-12-30 08:09:00","1899-12-30 08:52:00",,"E wall main rock"
567,202,96,3,2,10,1,"1899-12-30 08:52:00","1899-12-30 09:46:00",,"S and W face of main rock to round pool"
568,202,96,9,2,10,1,"1899-12-30 09:54:00","1899-12-30 10:31:00",,"North facing rocks, overcast->pcloudy"
569,202,96,9,2,10,1,"1899-12-30 10:39:00","1899-12-30 11:14:00",,"northern most rocks"
570,202,96,7,2,10,1,"1899-12-30 11:15:00","1899-12-30 11:49:00",,"High platform rocks"
571,202,97,6,2,10,1,"1899-12-30 20:07:00","1899-12-30 21:29:00",,"NE rocks and back platform, clear sky, dusk, v. low waves"
572,202,97,6,1,10,1,"1899-12-30 21:29:00",,,"NE rocks"
573,202,97,5,2,10,2,"1899-12-30 21:45:00","1899-12-30 22:11:00",,"Rocks btwn amphitheater and NE rocks"
574,202,97,2,2,10,2,"1899-12-30 22:12:00","1899-12-30 23:05:00",,"Main rocks"
575,224,66,2,2,10,1,"1899-12-30 12:00:00","1899-12-30 12:45:00",,"S end E side 1st Channel"
576,224,66,2,2,10,1,"1899-12-30 13:08:00","1899-12-30 13:58:00",,"E side channel 1"
577,224,66,3,2,10,1,"1899-12-30 14:00:00","1899-12-30 14:47:00",,"W side 1st channel, start at N pool"
578,224,66,4,2,10,1,"1899-12-30 14:53:00","1899-12-30 15:39:00",,"E side 2nd channel from pool"
579,224,66,5,2,10,1,"1899-12-30 15:40:00","1899-12-30 16:06:00",,"W side 2nd channel"
580,224,66,6,2,10,1,"1899-12-30 16:07:00","1899-12-30 16:15:00",,"W side Rock 2"
581,204,66,3,2,10,1,"1899-12-30 16:29:00","1899-12-30 17:00:00",,"N end of 1st rock, overcast and rain"
582,226,62,1,2,10,2,"1899-12-30 01:50:00","1899-12-30 04:00:00",,"S side south channel, start and end times estimated"
583,226,62,4,2,10,2,"1899-12-30 04:00:00","1899-12-30 06:00:00",,"W side main rock, start and end times estimated"
584,226,66,3,2,10,1,"1899-12-30 14:42:00","1899-12-30 15:13:00",,"N end 1st rock, cloudy, drizzle breeze from W"
585,226,66,5,2,10,1,"1899-12-30 15:15:00","1899-12-30 15:45:00",,"W side 2nd channel"
586,226,66,5,2,10,1,"1899-12-30 15:42:00","1899-12-30 16:13:00",,"N end W side 2nd channel"
587,226,66,2,2,10,1,"1899-12-30 16:19:00","1899-12-30 17:16:00",,"E side 1st channel, rain"
588,226,66,3,2,10,1,"1899-12-30 17:20:00","1899-12-30 17:48:00",,"N end 1st pool, headlamp needed"
589,227,62,2,2,10,1,"1899-12-30 14:38:00","1899-12-30 15:52:00",,"S side main rock"
590,227,62,3,2,10,1,"1899-12-30 15:53:00","1899-12-30 16:26:00",,"N side main rock"
591,227,62,3,2,10,1,"1899-12-30 16:34:00","1899-12-30 17:02:00",,"N side main rock"
592,227,62,3,2,10,1,"1899-12-30 17:09:00","1899-12-30 18:07:00",,"E and N side main rock"
593,227,62,2,2,10,2,"1899-12-30 18:08:00","1899-12-30 18:40:00",,"S side"
594,205,66,5,2,10,1,"1899-12-30 15:22:00","1899-12-30 15:53:00",,"W side 2nd channel, cloudy day, intemitten rain, wind from S"
595,205,66,3,2,10,2,"1899-12-30 18:26:00","1899-12-30 19:15:00",,"W side 1st channel, sky became clear"
596,205,66,4,2,10,2,"1899-12-30 19:16:00","1899-12-30 19:45:00",,"E side channel 2"
597,205,66,5,2,10,2,"1899-12-30 19:46:00","1899-12-30 20:04:00",,"W side 2nd channel"
598,205,66,1,1,10,2,"1899-12-30 20:04:00",,,
599,207,62,6,2,10,1,"1899-12-30 06:17:00","1899-12-30 07:40:00",,"2nd rock wall west of channel from end of pool; pool at end filled with sand; clear cold sky, breeze from S, midwaves"
600,207,62,4,2,10,1,"1899-12-30 07:41:00","1899-12-30 08:11:00",,"W side main rock"
601,207,62,3,2,10,1,"1899-12-30 08:12:00","1899-12-30 08:27:00",,"N side main rock, but not all of it!!!"
602,207,62,5,1,10,1,"1899-12-30 08:30:00",,,"S of channel"
603,228,62,5,2,10,1,"1899-12-30 08:29:00","1899-12-30 09:23:00",,"S side channel"
604,229,91,4,2,10,1,"1899-12-30 09:28:00","1899-12-30 10:20:00",,"rock 3"
605,229,91,5,2,10,1,"1899-12-30 10:21:00","1899-12-30 10:53:00",,"rock 4 N side"
606,230,91,6,2,10,1,"1899-12-30 10:51:00","1899-12-30 11:16:00",,"Rock 4 S side. sunny, strong cold wind from S, rough sea,large swell, v.crap tide + mid-large waves. Major storms yesterday"
607,230,91,2,2,10,1,"1899-12-30 11:18:00","1899-12-30 11:41:00",,"Rock 1"
608,231,91,6,2,10,1,"1899-12-30 12:17:00","1899-12-30 13:15:00",,"rock 4 S side, crap tide"
609,231,91,5,2,10,1,"1899-12-30 13:16:00","1899-12-30 14:03:00",,"Rock 4, N side, crap tide!"
610,232,91,2,2,10,1,"1899-12-30 12:58:00","1899-12-30 13:35:00",,"Rock 1"
611,232,91,3,2,10,1,"1899-12-30 13:35:00","1899-12-30 14:20:00",,"rock 2"
612,232,91,4,2,10,1,"1899-12-30 14:22:00","1899-12-30 15:02:00",,"rock 3"
613,214,90,1,1,10,1,"1899-12-30 20:00:00",,,
614,215,90,6,2,10,2,"1899-12-30 01:38:00","1899-12-30 02:45:00",,"N side southern channel. overcast sky, low swell & waves, strong breeze/wind from S"
615,215,91,7,2,10,2,"1899-12-30 02:51:00","1899-12-30 04:03:00",,"Both sides of S side rock of southern channel"
616,215,90,7,2,10,1,"1899-12-30 16:30:00","1899-12-30 16:55:00",,"Waterside outcrop, pcloudy, in shade, mid swell, low waves, cold"
617,233,91,3,2,10,1,"1899-12-30 07:10:00","1899-12-30 08:05:00",,"Rock 2"
618,233,91,2,2,10,1,"1899-12-30 08:05:00","1899-12-30 08:35:00",,"rock 1"
619,233,90,2,2,10,1,"1899-12-30 18:14:00","1899-12-30 19:22:00",,"Main transect area"
620,233,90,1,1,10,1,"1899-12-30 19:00:00",,,
621,233,90,3,2,10,2,"1899-12-30 19:25:00","1899-12-30 20:15:00",,"S side midfinger"
622,233,90,4,2,10,2,"1899-12-30 20:15:00","1899-12-30 20:45:00",,"midfinger N side"
623,234,90,8,2,10,2,"1899-12-30 06:20:00","1899-12-30 07:00:00",,"waterside outcrop, COLD"
624,234,90,3,2,10,2,"1899-12-30 07:02:00","1899-12-30 07:52:00",,"N finger S & N side"
625,234,90,7,2,10,1,"1899-12-30 08:00:00","1899-12-30 08:40:00",,"N side southern channel"
626,216,91,4,2,10,1,"1899-12-30 07:40:00","1899-12-30 08:10:00",,"Rock 3 channel and S side, dawn, cloudy drizzle, wind from S, midlevel waves and swell, good tide"
627,216,91,4,2,10,1,"1899-12-30 08:10:00","1899-12-30 08:43:00",,"Rock 3, N side"
628,216,91,5,2,10,1,"1899-12-30 08:45:00","1899-12-30 09:37:00",,"Rock 4, S side"
629,216,91,4,2,10,1,"1899-12-30 10:20:00","1899-12-30 10:49:00",,"rock 3"
630,223,91,3,2,10,1,"1899-12-30 08:58:00","1899-12-30 09:50:00",,"rock 2, cloudy, wind from S, midlevel waves, good tide"
631,223,91,2,2,10,1,"1899-12-30 09:51:00","1899-12-30 10:17:00",,"rock 1"
632,223,91,5,2,10,1,"1899-12-30 10:21:00","1899-12-30 11:12:00",,"rock 4 N side"
633,235,90,3,2,10,1,"1899-12-30 08:30:00","1899-12-30 09:17:00",,"middle finger NW end, sunrise -> day"
634,235,90,4,2,10,1,"1899-12-30 09:22:00","1899-12-30 10:01:00",,"N side midfinger"
635,235,90,3,2,10,1,"1899-12-30 10:01:00","1899-12-30 10:41:00",,"south side midfinger"
636,235,90,8,2,10,1,"1899-12-30 10:49:00","1899-12-30 11:29:00",,"All the way around the southern finger (S side southern channel)"
637,236,90,3,2,10,1,"1899-12-30 08:44:00","1899-12-30 09:54:00",,"E end midfinger"
638,236,90,8,2,10,1,"1899-12-30 09:57:00","1899-12-30 10:55:00",,"main transect area"
639,236,90,5,2,10,1,"1899-12-30 11:01:00","1899-12-30 11:32:00",,"S side N finger"
640,236,90,6,2,10,1,"1899-12-30 11:43:00","1899-12-30 12:05:00",,"waterside outcrop, abandoned, poor survey, water coming up"
641,236,90,2,2,10,1,"1899-12-30 12:09:00","1899-12-30 12:38:00",,"N side S finger (main area)"
642,237,91,6,2,10,1,"1899-12-30 10:19:00","1899-12-30 10:43:00",,"Rock 4 S side"
643,237,91,5,2,10,1,"1899-12-30 10:45:00","1899-12-30 11:26:00",,"Rock 4, N side"
644,237,91,6,2,10,1,"1899-12-30 11:27:00","1899-12-30 12:14:00",,"rock 4 S side, crap tide"
645,237,91,3,2,10,1,"1899-12-30 12:21:00","1899-12-30 12:38:00",,"rock 2"
646,237,91,4,2,10,1,"1899-12-30 12:44:00","1899-12-30 13:15:00",,"rock 3, S side"
647,238,96,2,2,10,1,"1899-12-30 14:30:00","1899-12-30 15:23:00",,"N side main rock"
648,238,96,2,2,10,1,"1899-12-30 15:24:00","1899-12-30 16:26:00",,"N side main rock, middle platform"
649,238,96,3,2,10,1,"1899-12-30 16:47:00","1899-12-30 18:00:00",,"Upper platform"
650,238,96,3,2,10,1,"1899-12-30 18:00:00","1899-12-30 18:29:00",,"upper platform"
651,208,96,6,2,10,2,"1899-12-30 06:16:00","1899-12-30 07:00:00",,"N rocks, intermittent hard rain, wind from N, midwaves, ok tide"
652,208,96,6,2,10,1,"1899-12-30 15:12:00","1899-12-30 15:45:00",,"NW rocks"
653,208,96,6,2,10,1,"1899-12-30 15:17:00","1899-12-30 16:09:00",,"NW rock"
654,208,96,4,2,10,1,"1899-12-30 16:18:00","1899-12-30 17:19:00",,"Lower platform"
655,208,96,6,2,10,2,"1899-12-30 17:21:00","1899-12-30 18:08:00",,"northend rocks"
656,208,96,7,2,10,2,"1899-12-30 18:23:00","1899-12-30 18:56:00",,"Backside and top of westrocks"
657,209,97,6,2,10,2,"1899-12-30 06:49:00","1899-12-30 07:45:00",,"NE rocks, cold E wind, mid-large waves, cloudy sky -> hard rain, crap tide"
658,210,97,6,2,10,2,"1899-12-30 17:12:00","1899-12-30 18:10:00",,"NE rocks"
659,210,96,2,2,10,2,"1899-12-30 18:24:00","1899-12-30 19:03:00",,"E side Main rock, crap tide"
660,210,96,3,2,10,2,"1899-12-30 19:12:00","1899-12-30 19:36:00",,"Front side West rocks, survey abandoned - high waves"
661,211,97,2,2,10,2,"1899-12-30 05:38:00","1899-12-30 06:21:00",,"Main rock, clear moonlit, COLD, large swell, mid waves, crap tide"
662,211,96,5,2,10,2,"1899-12-30 17:57:00","1899-12-30 19:10:00",,"Lower platform & N wall of main rock"
663,211,96,6,2,10,2,"1899-12-30 19:19:00","1899-12-30 20:09:00",,"NE rocks"
664,211,97,6,2,10,2,"1899-12-30 21:36:00","1899-12-30 22:11:00",,"NE rocks"
665,239,97,2,2,10,2,"1899-12-30 21:58:00","1899-12-30 22:46:00",,"Main rock, rising tide"
666,213,97,6,2,10,1,"1899-12-30 09:42:00","1899-12-30 11:07:00",,"NE rocks"
667,213,97,6,2,10,1,"1899-12-30 11:09:00","1899-12-30 11:40:00",,"NE rocks, E rock"
668,213,96,2,2,10,2,"1899-12-30 19:20:00","1899-12-30 20:06:00",,"Main rock E side"
669,213,96,1,2,10,2,"1899-12-30 20:07:00","1899-12-30 20:58:00",,"S & W side main rock"
670,213,96,1,2,10,2,"1899-12-30 21:12:00","1899-12-30 22:26:00",,"West rock back side and 1/2 of front"
671,213,96,1,2,10,2,"1899-12-30 22:39:00","1899-12-30 23:15:00",,"N rocks"
672,212,97,5,2,10,1,"1899-12-30 08:39:00","1899-12-30 09:12:00",,"'In between' rocks"
673,212,97,3,2,10,1,"1899-12-30 09:13:00","1899-12-30 09:42:00",,"Amphitheatre and Middle rocks"
674,212,97,2,2,10,1,"1899-12-30 09:43:00","1899-12-30 10:29:00",,"Main Rocks"
675,212,97,3,2,10,1,"1899-12-30 10:56:00","1899-12-30 11:24:00",,"""In between"" rocks and amphitheatre rock"
676,247,90,2,2,10,1,"1899-12-30 07:52:00","1899-12-30 09:16:00",,"Main quad area. Benhamina and Siph eggs"
677,247,90,3,2,10,1,"1899-12-30 09:22:00","1899-12-30 10:34:00",,"NE side middle finger"
678,247,90,3,2,10,1,"1899-12-30 19:31:00","1899-12-30 20:48:00",,"NW corner middle finger, overcast, strong wind from N, low swell"
679,248,91,5,2,10,1,"1899-12-30 08:09:00","1899-12-30 09:02:00",,"S side Rock 4"
680,248,91,4,2,10,1,"1899-12-30 09:03:00","1899-12-30 09:27:00",,"rock 3 S side, ~150 opened H eggs in crevice"
681,248,91,1,2,10,1,"1899-12-30 09:27:00","1899-12-30 09:48:00",,"rock 3 N side"
682,248,91,2,2,10,1,"1899-12-30 09:52:00","1899-12-30 10:18:00",,"rock 1"
683,248,91,3,2,10,1,"1899-12-30 10:22:00","1899-12-30 10:40:00",,"rock 2"
684,248,91,4,2,10,1,"1899-12-30 10:43:00","1899-12-30 11:17:00",,"rock 3"
685,248,91,5,2,10,1,"1899-12-30 19:57:00","1899-12-30 20:27:00",,"rock 4 S side, clear sky, in shade already, low waves and swell"
686,248,91,5,2,10,1,"1899-12-30 20:27:00","1899-12-30 20:56:00",,"rock 4 N side"
687,248,91,5,2,10,2,"1899-12-30 21:12:00","1899-12-30 22:22:00",,"rock 4, N side"
688,248,91,2,2,10,2,"1899-12-30 22:29:00","1899-12-30 23:02:00",,"rock 1"
689,248,91,3,2,10,2,"1899-12-30 23:03:00","1899-12-30 23:20:00",,"rock 2, only North 1/2 done cuz of waves"
690,249,90,6,2,10,1,"1899-12-30 09:08:00","1899-12-30 10:15:00",,"waterside outcrop"
691,249,90,6,2,10,1,"1899-12-30 10:21:00","1899-12-30 11:32:00",,"waterside outcrop"
692,249,90,1,1,10,1,"1899-12-30 11:42:00",,,
693,249,90,4,2,10,2,"1899-12-30 21:14:00","1899-12-30 22:24:00",,"N side midfinger w/ thumbnail"
694,249,90,5,2,10,2,"1899-12-30 22:25:00","1899-12-30 23:17:00",,"midfinger S side, very warm N breeze"
695,249,90,7,2,10,2,"1899-12-30 23:26:00","1899-12-30 23:57:00",,"S side of south channel"
696,250,66,2,2,10,1,"1899-12-30 15:49:00","1899-12-30 16:22:00",,"N end 1st pool (1st channel), aborted due to waves"
697,246,66,4,2,10,1,"1899-12-30 09:15:00","1899-12-30 10:19:00",,"E side 2nd channel"
698,246,66,1,2,10,1,"1899-12-30 10:28:00","1899-12-30 10:52:00",,"N end 1st channel (midrock)"
699,246,66,2,2,10,1,"1899-12-30 16:42:00","1899-12-30 17:13:00",,"E side 1st channel, clear sky, wind from S, no waves, low swell, 4 hatched leps eggs"
700,246,66,4,2,10,1,"1899-12-30 17:16:00","1899-12-30 17:50:00",,"N end 2nd channel (E side)"
701,246,66,3,2,10,1,"1899-12-30 17:58:00","1899-12-30 18:36:00",,"W side 1st channel"
702,246,66,2,2,10,1,"1899-12-30 18:38:00","1899-12-30 19:05:00",,"E side 1st channel"
703,246,66,5,2,10,1,"1899-12-30 19:18:00","1899-12-30 19:55:00",,"W side 2nd channel + E side 3rd channel. Paratrophon not counted"
704,251,62,6,2,10,1,"1899-12-30 07:30:00","1899-12-30 08:37:00",,"W rock from pool"
705,251,62,4,2,10,1,"1899-12-30 08:42:00","1899-12-30 09:35:00",,"Main rock N&E sides"
706,251,62,5,2,10,1,"1899-12-30 19:19:00","1899-12-30 19:55:00",,"S & W side main rock"
707,251,62,2,2,10,1,"1899-12-30 10:32:00","1899-12-30 11:03:00",,"S side main rock"
708,251,62,2,2,10,1,"1899-12-30 17:59:00","1899-12-30 18:38:00",,"SE corner main rock, overcast, SW breeze, low waves"
709,251,62,4,2,10,1,"1899-12-30 18:39:00","1899-12-30 19:10:00",,"NW corner"
710,251,62,4,2,10,1,"1899-12-30 19:16:00","1899-12-30 19:47:00",,"mid N side main rock"
711,251,62,7,2,10,2,"1899-12-30 20:05:00","1899-12-30 21:37:00",,"channel S side, sunset"
712,252,66,4,2,10,1,"1899-12-30 07:11:00","1899-12-30 07:52:00",,"E side 2nd channel"
713,252,66,5,2,10,1,"1899-12-30 07:55:00","1899-12-30 08:27:00",,"W side 2nd channel"
714,252,66,3,2,10,1,"1899-12-30 08:31:00","1899-12-30 09:05:00",,"W side 1st channel"
715,252,66,5,1,10,1,"1899-12-30 10:06:00",,,"W side 2nd channel, parat not done, low already underwater, abandoned"
716,253,91,2,2,10,1,"1899-12-30 15:43:00","1899-12-30 16:08:00",,"rock 1"
717,253,91,3,2,10,1,"1899-12-30 16:09:00","1899-12-30 16:25:00",,"rock 2"
718,253,91,4,2,10,1,"1899-12-30 16:45:00","1899-12-30 17:24:00",,"rock 3"
719,254,90,4,2,10,1,"1899-12-30 17:16:00","1899-12-30 18:29:00",,"midfinger NW side corner"
720,254,90,4,2,10,1,"1899-12-30 18:48:00","1899-12-30 19:13:00",,"midfinger E end"
721,255,96,2,2,10,1,"1899-12-30 13:53:00","1899-12-30 15:02:00",,"""In between"" platform"
722,255,96,2,2,10,1,"1899-12-30 15:08:00","1899-12-30 15:49:00",,"E side Main rock"
723,255,96,6,2,10,1,"1899-12-30 15:55:00","1899-12-30 16:47:00",,"N rocks, ~200 hatched haustrum eggs under boulder w/ Gadina"
724,255,96,5,2,10,1,"1899-12-30 16:55:00","1899-12-30 17:34:00",,"Lower platform & surrounding wall (N side main rock, E side West rocks)"
725,255,96,6,2,10,1,"1899-12-30 17:40:00","1899-12-30 18:45:00",,"West rocks (W side not done) ~400 hatched Haustrum eggs"
726,255,96,6,2,10,1,"1899-12-30 18:54:00","1899-12-30 19:25:00",,"E side W rocks"
727,256,97,6,2,10,1,"1899-12-30 14:36:00","1899-12-30 15:30:00",,"E end NE rocks"
728,256,97,7,2,10,1,"1899-12-30 15:33:00","1899-12-30 16:57:00",,"NE rocks"
729,256,97,2,2,10,1,"1899-12-30 17:23:00","1899-12-30 18:23:00",,"Main rock"
730,256,97,2,1,10,1,"1899-12-30 17:30:00",,,"main rock"
731,256,97,3,2,10,1,"1899-12-30 18:24:00","1899-12-30 18:58:00",,"mid-Rock & Amphitheatre rocks"
732,256,97,5,2,10,1,"1899-12-30 19:00:00","1899-12-30 19:27:00",,"In-between rocks"
733,257,96,3,2,10,2,"1899-12-30 06:35:00","1899-12-30 07:46:00",,"S, W & E sides of Main rock"
734,257,96,7,2,10,1,"1899-12-30 07:57:00","1899-12-30 08:27:00",,"N rock"
735,257,97,6,2,10,1,"1899-12-30 15:19:00","1899-12-30 16:46:00",,"NE rocks W end & In between rocks"
736,257,97,2,2,10,1,"1899-12-30 16:47:00","1899-12-30 17:15:00",,"Main rock"
737,257,96,6,2,10,1,"1899-12-30 18:35:00","1899-12-30 19:07:00",,"W rocks"
738,257,96,6,2,10,1,"1899-12-30 19:15:00","1899-12-30 19:49:00",,"N end W rock"
739,257,96,2,2,10,1,"1899-12-30 20:01:00","1899-12-30 20:42:00",,"NW corner Main rock"
740,258,96,3,2,10,2,"1899-12-30 06:42:00","1899-12-30 07:17:00",,"Main rock E side"
741,258,96,6,2,10,1,"1899-12-30 07:23:00","1899-12-30 08:54:00",,"Entire W rocks"
742,258,96,1,2,10,1,"1899-12-30 16:00:00","1899-12-30 16:39:00",,"N side Main rock, clear sky, low waves, no swell, wind from SW"
743,258,96,7,2,10,1,"1899-12-30 16:41:00","1899-12-30 17:22:00",,"North rocks"
744,258,96,2,2,10,1,"1899-12-30 17:36:00","1899-12-30 18:07:00",,"Lower platform & wall"
745,258,97,6,2,10,1,"1899-12-30 18:20:00","1899-12-30 19:42:00",,"NE rocks"
746,258,97,2,2,10,1,"1899-12-30 19:51:00","1899-12-30 20:38:00",,"Main rock"
747,259,96,4,2,10,2,"1899-12-30 06:38:00","1899-12-30 07:40:00",,"Main rock, S, W & E sides"
748,259,97,5,2,10,1,"1899-12-30 07:56:00","1899-12-30 08:54:00",,"In-between rocks"
749,259,97,3,2,10,1,"1899-12-30 09:01:00","1899-12-30 09:31:00",,"Mid- & Amphitheatre rocks"
750,259,97,1,2,10,1,"1899-12-30 17:47:00","1899-12-30 18:29:00",,"NE Rocks E end"
751,260,97,6,2,10,1,"1899-12-30 18:09:00","1899-12-30 18:58:00",,"NE rocks W end"
752,260,97,1,2,10,1,"1899-12-30 19:01:00","1899-12-30 19:45:00",,"Main rock"
753,260,97,5,2,10,1,"1899-12-30 19:50:00","1899-12-30 20:22:00",,"In between rocks"
754,260,96,2,2,10,2,"1899-12-30 20:41:00","1899-12-30 21:16:00",,"Upper platform"
755,260,96,6,2,10,2,"1899-12-30 21:32:00","1899-12-30 22:01:00",,"E side W rocks"
756,261,96,6,2,10,2,"1899-12-30 06:57:00","1899-12-30 07:30:00",,"Mid W rock"
757,261,96,6,2,10,1,"1899-12-30 07:33:00","1899-12-30 08:06:00",,"S end W rocks, overcast"
758,261,96,6,2,10,1,"1899-12-30 08:37:00","1899-12-30 09:05:00",,"N end W rock"
759,261,97,6,2,10,1,"1899-12-30 18:37:00","1899-12-30 20:00:00",,"NE rocks"
760,261,97,5,2,10,1,"1899-12-30 20:03:00","1899-12-30 20:48:00",,"In-between rocks"
761,261,97,2,2,10,2,"1899-12-30 20:54:00","1899-12-30 21:45:00",,"Main rock"
762,261,97,3,2,10,2,"1899-12-30 21:57:00","1899-12-30 22:28:00",,"Mid & amphitheatre rocks"
763,262,96,2,2,10,1,"1899-12-30 07:41:00","1899-12-30 08:15:00",,"Lower platform & surrounding wall"
764,262,96,3,2,10,1,"1899-12-30 08:17:00","1899-12-30 09:06:00",,"Main rock, S, W, N sides"
765,262,96,6,2,10,1,"1899-12-30 09:12:00","1899-12-30 10:20:00",,"West rocks"
766,262,96,7,2,10,1,"1899-12-30 10:29:00","1899-12-30 11:06:00",,"North rocks"
767,263,66,2,2,10,1,"1899-12-30 08:05:00","1899-12-30 08:36:00",,"E side 1st channel, low-mid swell"
768,263,66,3,2,10,1,"1899-12-30 08:37:00","1899-12-30 09:05:00",,"1st channel W side"
769,263,66,4,2,10,1,"1899-12-30 09:05:00","1899-12-30 09:28:00",,"2nd channel E side"
770,263,66,5,2,10,1,"1899-12-30 09:29:00","1899-12-30 09:45:00",,"2nd channel, W side"
771,264,90,6,2,10,1,"1899-12-30 16:41:00","1899-12-30 18:02:00",,"Waterside outcrop, good tide, low waves & swell, Risselopsis eggs"
772,264,90,3,2,10,1,"1899-12-30 18:09:00","1899-12-30 19:07:00",,"Midfinger S side,  long hatched H eggs in cul de sac"
773,264,90,2,2,10,1,"1899-12-30 19:13:00","1899-12-30 19:47:00",,"Main transect area"
774,265,91,2,2,10,1,"1899-12-30 17:27:00","1899-12-30 17:59:00",,"rock 1, low swell"
775,265,91,3,2,10,1,"1899-12-30 17:59:00","1899-12-30 18:31:00",,"rock 2"
776,265,91,4,2,10,1,"1899-12-30 18:37:00","1899-12-30 19:24:00",,"rock 3 N+S sides"
777,265,91,5,2,10,1,"1899-12-30 19:26:00","1899-12-30 20:06:00",,"rock 4 N side"
778,265,91,5,2,10,1,"1899-12-30 20:14:00","1899-12-30 20:43:00",,"rock 4 S side"
779,266,90,7,2,10,1,"1899-12-30 19:22:00","1899-12-30 20:07:00",,"South channel N side"
780,266,90,8,2,10,1,"1899-12-30 20:11:00","1899-12-30 21:08:00",,"South channel, S side & around point and back"
781,267,91,4,2,10,1,"1899-12-30 19:17:00","1899-12-30 19:57:00",,"rock 3, low waves & swell"
782,277,66,2,2,10,1,"1899-12-30 11:35:00","1899-12-30 12:23:00",,"Mid swell and waves, p.cloudy, strong S wind. N. end 1st pool, E side 1st chanel"
783,277,66,3,2,10,1,"1899-12-30 12:33:00","1899-12-30 13:04:00",,"Ne end of 1st pool, W side 1st channel"
784,277,66,2,2,10,1,"1899-12-30 13:17:00","1899-12-30 13:55:00",,
785,277,66,3,2,10,1,"1899-12-30 13:56:00","1899-12-30 14:36:00",,"W side 1st channel"
786,277,66,4,2,10,1,"1899-12-30 14:39:00","1899-12-30 15:05:00",,"E side 2nd channel; No Paratrophon surveyed"
787,277,66,5,2,10,1,"1899-12-30 15:07:00","1899-12-30 15:27:00",,"W side 2nd channel; No Paratrophon surveyed"
788,278,62,2,2,10,1,"1899-12-30 12:39:00","1899-12-30 13:27:00",,"S side Main Rock"
789,278,62,2,2,10,1,"1899-12-30 13:34:00","1899-12-30 14:48:00",,"S side Main Channel"
790,278,62,3,2,10,1,"1899-12-30 14:57:00","1899-12-30 15:49:00",,"N & W side of Main Rock"
791,278,62,6,2,10,1,"1899-12-30 16:07:00","1899-12-30 17:01:00",,
792,279,96,6,2,10,1,"1899-12-30 12:10:00","1899-12-30 13:04:00",,"North Rock, low waves & swell but crap tide"
793,279,96,2,2,10,1,"1899-12-30 13:28:00","1899-12-30 14:08:00",,"E side Main rock"
794,279,96,4,2,10,1,"1899-12-30 14:15:00","1899-12-30 14:53:00",,"W & N side Main rock"
795,279,96,5,2,10,1,"1899-12-30 14:58:00","1899-12-30 15:47:00",,"1/2 of Mid + N & E & top sides of West rock; tide coming up again"
796,280,97,6,2,10,1,"1899-12-30 12:12:00","1899-12-30 12:57:00",,"crap tide, low waves, mid swell, NE Rocks, E end, back side"
797,280,97,6,2,10,1,"1899-12-30 12:59:00","1899-12-30 13:54:00",,"NE rocks, West end"
798,280,97,6,2,10,1,"1899-12-30 14:12:00","1899-12-30 15:22:00",,"NE rocks"
799,280,97,5,2,10,1,"1899-12-30 15:24:00","1899-12-30 16:11:00",,"Mid rocks"
800,281,96,5,2,10,1,"1899-12-30 12:48:00","1899-12-30 13:33:00",,"low waves & sweel, W rocks"
801,281,96,6,2,10,1,"1899-12-30 13:39:00","1899-12-30 14:22:00",,"North rock"
802,281,96,6,2,10,1,"1899-12-30 14:49:00","1899-12-30 15:43:00",,"North rocks"
803,281,96,3,2,10,1,"1899-12-30 15:47:00","1899-12-30 16:46:00",,"Main rock - S, W & North"
804,281,96,5,2,10,1,"1899-12-30 16:56:00","1899-12-30 17:32:00",,"Upper platform"
805,282,97,2,2,10,1,"1899-12-30 13:54:00","1899-12-30 14:21:00",,"Main rock"
806,282,97,2,2,10,1,"1899-12-30 14:40:00","1899-12-30 15:36:00",,"Main rock"
807,282,97,3,2,10,1,"1899-12-30 16:06:00","1899-12-30 16:39:00",,"Amphitheater rocks"
808,282,97,6,2,10,2,"1899-12-30 16:54:00","1899-12-30 18:06:00",,"NE rocks, sunset w/ headlamp"
809,283,91,2,2,10,1,"1899-12-30 11:55:00","1899-12-30 12:26:00",,"low swell, ok tide, Warm!"
810,283,91,3,2,10,1,"1899-12-30 12:27:00","1899-12-30 13:01:00",,"rock 2"
811,283,91,4,2,10,1,"1899-12-30 13:10:00","1899-12-30 13:52:00",,"rock 3 S & W sides"
812,284,90,3,2,10,1,"1899-12-30 12:00:00","1899-12-30 13:53:00",,"Middlefinger N & S side"
813,284,90,6,2,10,1,"1899-12-30 14:10:00","1899-12-30 14:54:00",,"crap tide"
814,285,91,5,2,10,1,"1899-12-30 13:19:00","1899-12-30 14:30:00",,"Rock 4 S side"
815,285,91,5,2,10,1,"1899-12-30 14:38:00","1899-12-30 15:20:00",,"Rock 4 N side"
816,269,90,2,2,10,1,"1899-12-30 14:12:00","1899-12-30 15:27:00",,"Main transect area"
817,286,90,7,2,10,1,"1899-12-30 15:08:00","1899-12-30 15:48:00",,"N side S channel, mid-level waves"
818,286,90,8,2,10,1,"1899-12-30 15:57:00","1899-12-30 16:34:00",,"S side S channel"
819,286,90,4,2,10,1,"1899-12-30 16:56:00","1899-12-30 17:26:00",,"NW corner midfinger"
820,287,91,2,2,10,1,"1899-12-30 15:10:00","1899-12-30 15:37:00",,
821,287,91,3,2,10,1,"1899-12-30 15:49:00","1899-12-30 16:18:00",,"Rock 2"
822,287,91,4,2,10,1,"1899-12-30 16:34:00","1899-12-30 17:08:00",,"Rock 3"
823,287,91,2,2,10,1,"1899-12-30 17:30:00","1899-12-30 17:57:00",,"Rock 1 and N side of Rock 2"
824,288,90,6,2,10,1,"1899-12-30 15:29:00","1899-12-30 16:12:00",,"Waterside outcrop"
825,288,90,6,2,10,1,"1899-12-30 16:21:00","1899-12-30 17:23:00",,"Waterside outcop"
826,288,90,2,2,10,2,"1899-12-30 17:49:00","1899-12-30 18:20:00",,"Main transect area - not all done"
827,289,91,4,2,10,1,"1899-12-30 16:15:00","1899-12-30 16:48:00",,"Rock 3"
828,289,91,5,2,10,2,"1899-12-30 17:13:00","1899-12-30 18:02:00",,"Rock 4 N side"
829,289,91,3,2,10,2,"1899-12-30 18:06:00","1899-12-30 18:30:00",,"Rock 2"
830,290,66,2,2,10,2,"1899-12-30 17:15:00","1899-12-30 17:38:00",,"Major sand influx!!!  Covering bottom of all channel & pools; Survey at N end 1st channel"
831,290,66,2,2,10,2,"1899-12-30 17:45:00","1899-12-30 18:15:00",,"E side 1st channel, Paratrophon not included"
832,290,66,3,2,10,2,"1899-12-30 18:15:00","1899-12-30 18:42:00",,"W side 1st channel, Parat not included"
833,290,66,4,2,10,2,"1899-12-30 18:56:00","1899-12-30 19:16:00",,"E side 2nd channel, crap tide"
834,290,66,5,2,10,2,"1899-12-30 19:17:00","1899-12-30 19:37:00",,"W side 2nd channel"
